kontakt_id,telefon,e_mail
1,262937739,mcawcutt0@deliciousdays.com
2,810274179,jmacloughlin1@sina.com.cn
3,453090205,ppouck2@smugmug.com
4,213701786,phampshaw3@zimbio.com
5,613229020,gjonuzi4@npr.org
6,899413329,pbohlin5@eventbrite.com
7,160538361,cdory6@bloglines.com
8,447708336,kbalffye7@mysql.com
9,653537332,dtissiman8@illinois.edu
10,928592855,wchasier9@dropbox.com
11,272394015,klyosika@ebay.co.uk
12,121209198,ckensonb@loc.gov
13,400526790,mkearsc@nhs.uk
14,819560898,cstigglesd@shop-pro.jp
15,642450827,gdumbartone@google.it
16,374814848,kosculleyf@ucla.edu
17,195541102,sstealyg@boston.com
18,159931020,dhutchensh@about.com
19,423827898,lculloni@barnesandnoble.com
20,682688127,iberkeryj@typepad.com
21,511558336,icholmondeleyk@purevolume.com
22,751018239,awhildl@booking.com
23,843659314,tgriffithsm@yelp.com
24,468653352,hsyredn@cbc.ca
25,456256034,wtatterso@unc.edu
26,748032542,hmawerp@cloudflare.com
27,719866576,jmccrayq@goo.gl
28,689455857,lcowperr@unesco.org
29,122784693,lrevans@pen.io
30,427709665,csharphouset@fc2.com
31,604711825,hralphu@live.com
32,911954773,ibeckwithv@walmart.com
33,542659946,mcamelliw@uiuc.edu
34,164837792,hbarabischx@theguardian.com
35,706311988,mwestleyy@icq.com
36,157681255,aguthriez@com.com
37,790211528,onardrup10@virginia.edu
38,440398673,wnewbury11@state.tx.us
39,217854253,gabelevitz12@linkedin.com
40,326562740,hgrene13@feedburner.com
41,463145418,mkaufman14@github.io
42,750254403,gbachman15@multiply.com
43,425493053,heyre16@comcast.net
44,547147718,fmusto17@deviantart.com
45,495083654,mbarrack18@gizmodo.com
46,445710132,cpiesing19@ifeng.com
47,436186818,cdoul1a@ucsd.edu
48,344173969,rwardley1b@hostgator.com
49,138349601,cuttridge1c@msu.edu
50,297559021,aizkoveski1d@webs.com
51,555604481,mburland1e@marketwatch.com
52,717949887,ypankethman1f@artisteer.com
53,674180855,tdigby1g@mozilla.com
54,424934652,cclendennen1h@guardian.co.uk
55,916225388,mralston1i@unc.edu
56,263208875,rdeakan1j@walmart.com
57,157899735,ocawthorn1k@skyrock.com
58,485751322,cmccarrick1l@home.pl
59,307044957,gpavitt1m@is.gd
60,240923390,cbracey1n@wsj.com
61,278570663,cschutter1o@walmart.com
62,721792633,calexsandrev1p@harvard.edu
63,174672798,rjesson1q@woothemes.com
64,202547488,whutt1r@artisteer.com
65,513680086,ldymidowski1s@reuters.com
66,191278991,jflay1t@pagesperso-orange.fr
67,848958476,aphillpot1u@mayoclinic.com
68,510620896,drichford1v@blogs.com
69,162130451,lrennie1w@shutterfly.com
70,192903374,mturbayne1x@about.me
71,406311701,dlinzee1y@youtu.be
72,431498750,kparres1z@discovery.com
73,151124614,bmollene20@ustream.tv
74,313923782,rvandenbosch21@nih.gov
75,463824266,lcribbins22@wunderground.com
76,284022307,ttripp23@oaic.gov.au
77,566023347,awhimper24@deliciousdays.com
78,685254895,swetherick25@reverbnation.com
79,867540688,zfaires26@dedecms.com
80,457715834,bchecklin27@istockphoto.com
81,870666515,phickisson28@reverbnation.com
82,279698910,pdudney29@unicef.org
83,126697931,shastilow2a@reverbnation.com
84,721203725,hsitwell2b@pbs.org
85,259557084,sgutch2c@cnet.com
86,603187708,kbawles2d@csmonitor.com
87,518604001,wballsdon2e@addtoany.com
88,288998489,jbasillon2f@jugem.jp
89,184710091,clawlance2g@jimdo.com
90,711656196,ddearl2h@imgur.com
91,362618117,pstanley2i@reference.com
92,332935676,cruckman2j@umich.edu
93,680403942,ywildash2k@pcworld.com
94,524853462,pchapelle2l@artisteer.com
95,799023580,igulley2m@elegantthemes.com
96,330180580,wbutlerbowdon2n@nifty.com
97,660755627,astadding2o@hatena.ne.jp
98,825712480,krealy2p@yale.edu
99,235995588,tplet2q@house.gov
100,299524984,sjoysey2r@craigslist.org
101,724243091,halfwy2s@ibm.com
102,617820331,edoidge2t@redcross.org
103,630712182,jrawdales2u@google.ru
104,161663870,snaisby2v@imdb.com
105,664106259,skebell2w@surveymonkey.com
106,430270454,jcroysdale2x@booking.com
107,305464197,soggers2y@reference.com
108,319726537,bsoloway2z@engadget.com
109,344920505,mscawton30@dot.gov
110,665340080,dmulrooney31@blinklist.com
111,886979177,agadd32@geocities.jp
112,710870327,bchipp33@sina.com.cn
113,995660882,amosley34@slate.com
114,533290975,ggrishakin35@cmu.edu
115,261565402,abeaufoy36@posterous.com
116,728872787,lwellard37@sogou.com
117,698937805,kdoughton38@webeden.co.uk
118,894561774,slathwell39@discuz.net
119,118420557,grangeley3a@wix.com
120,401233130,cpetry3b@gizmodo.com
121,596587939,ccaltera3c@cloudflare.com
122,818900940,rrowlson3d@baidu.com
123,631312370,dcrankshaw3e@elegantthemes.com
124,892511807,elambeth3f@microsoft.com
125,342010106,lplante3g@state.tx.us
126,118454382,rlangridge3h@foxnews.com
127,344565928,rprecious3i@comsenz.com
128,801530517,adrewet3j@mail.ru
129,724547916,aprestner3k@thetimes.co.uk
130,403271651,bsymon3l@unesco.org
131,673818929,gverheyden3m@bluehost.com
132,921867630,babramov3n@kickstarter.com
133,280590043,ckearey3o@chron.com
134,147965666,kdace3p@amazonaws.com
135,978862699,ktersay3q@dmoz.org
136,504274207,hgindghill3r@hhs.gov
137,713188639,dstood3s@bbc.co.uk
138,701087633,bbrushfield3t@jigsy.com
139,356292841,dgoodby3u@who.int
140,207383280,agarvie3v@facebook.com
141,572171519,bbowdery3w@cnet.com
142,770711606,amardle3x@instagram.com
143,474333884,spond3y@ca.gov
144,318514268,gdron3z@yandex.ru
145,419837962,akaesmakers40@google.de
146,844553886,jscones41@usa.gov
147,638481883,tallworthy42@slashdot.org
148,487093532,ddary43@comsenz.com
149,747236638,dbrookbank44@list-manage.com
150,957021600,dhamnet45@ftc.gov
151,797269183,cgarred46@intel.com
152,221331453,dkordas47@salon.com
153,190812591,ckees48@zdnet.com
154,260437511,dhumphrey49@weebly.com
155,412061651,mgunton4a@woothemes.com
156,584035895,rdymidowski4b@soundcloud.com
157,919440513,jmorefield4c@aol.com
158,685812416,plucien4d@comcast.net
159,583016226,deccleston4e@barnesandnoble.com
160,244198031,vfretwell4f@prlog.org
161,285334793,vtuting4g@networkadvertising.org
162,402303098,groddick4h@spiegel.de
163,661186114,nwakerley4i@goo.gl
164,132393999,gdimitresco4j@fema.gov
165,769996476,lcochrane4k@bbc.co.uk
166,719304901,athewles4l@accuweather.com
167,706675800,sconew4m@google.fr
168,362815555,okilgrove4n@netvibes.com
169,313354591,dlinner4o@goodreads.com
170,551445535,dchecci4p@diigo.com
171,769201525,csalan4q@washington.edu
172,957480210,swhiffin4r@msn.com
173,236806087,dhastin4s@huffingtonpost.com
174,336192863,mtommeo4t@dedecms.com
175,647420635,mdrever4u@furl.net
176,846549895,acartmael4v@amazon.co.uk
177,820698370,vrikkard4w@devhub.com
178,565286146,bviall4x@yale.edu
179,234188397,tclose4y@ifeng.com
180,299830352,hclimar4z@hubpages.com
181,698205961,pparley50@slashdot.org
182,780123865,jpatridge51@reddit.com
183,601099346,johannigan52@bbb.org
184,962911752,jscotts53@senate.gov
185,972962452,barrault54@time.com
186,768278856,yfarnall55@yelp.com
187,117370061,mmarklew56@marketwatch.com
188,711611217,mhenrionot57@seesaa.net
189,192466242,gcarswell58@lulu.com
190,909159955,jshoosmith59@ucoz.com
191,376742741,adilland5a@amazonaws.com
192,931288617,drandles5b@reuters.com
193,454458882,wmoulden5c@reverbnation.com
194,716730204,sbrend5d@flickr.com
195,666252956,pleyre5e@vistaprint.com
196,220410209,jrearie5f@archive.org
197,937568162,bjarrad5g@icio.us
198,472754255,hbengough5h@smugmug.com
199,889770863,apendergrast5i@intel.com
200,451946871,rgreggor5j@slideshare.net
201,212614989,zstammler5k@msn.com
202,884906330,lbaudins5l@berkeley.edu
203,842274023,lgriffiths5m@constantcontact.com
204,668572701,khowes5n@hc360.com
205,196982635,zszwandt5o@blogspot.com
206,951075407,cberthon5p@g.co
207,587198814,jaspland5q@google.ca
208,635634008,sfrosdick5r@netlog.com
209,489620360,jworland5s@gov.uk
210,874628464,ktwinbrow5t@telegraph.co.uk
211,699792639,gdymond5u@ebay.co.uk
212,392718300,fyukhnev5v@bloglovin.com
213,873877747,bcoat5w@reverbnation.com
214,514131727,gosborn5x@deliciousdays.com
215,875641271,carden5y@addthis.com
216,967051991,ngoldsberry5z@tamu.edu
217,605254288,llilywhite60@narod.ru
218,849086272,nkochlin61@gov.uk
219,909230522,bmitchelmore62@ow.ly
220,390270109,awedlake63@purevolume.com
221,905837241,jpinder64@123-reg.co.uk
222,279932053,amicheau65@youtu.be
223,957801729,gsapir66@nps.gov
224,252558490,dlepine67@webs.com
225,132470736,jlafford68@washington.edu
226,314620308,ccharlson69@tmall.com
227,870559777,cpaffett6a@paginegialle.it
228,244669479,jcripps6b@geocities.jp
229,775652163,xtakkos6c@zdnet.com
230,995927304,hguilloneau6d@google.ru
231,246190447,trosbrough6e@mtv.com
232,750592364,cbachnic6f@amazonaws.com
233,308138625,djancic6g@xrea.com
234,530226102,sduding6h@ca.gov
235,623199554,mdelooze6i@over-blog.com
236,866551867,hascough6j@biblegateway.com
237,948734378,ocicccitti6k@google.it
238,503098862,dhunnable6l@amazon.co.uk
239,367391977,aangrave6m@163.com
240,959537951,gguihen6n@paypal.com
241,369521944,bbetancourt6o@cnet.com
242,612933867,dgellan6p@si.edu
243,498667112,mdelia6q@imgur.com
244,420084975,scasbon6r@oracle.com
245,745659734,abelham6s@weebly.com
246,982786122,vcornwall6t@reuters.com
247,810406913,dgreste6u@amazon.co.jp
248,332916947,rapplewhaite6v@imgur.com
249,862272563,dhadfield6w@dell.com
250,241193628,mgoldby6x@facebook.com
251,889515979,zwoodfield6y@odnoklassniki.ru
252,252945357,rhassett6z@booking.com
253,695176932,ccockroft70@hugedomains.com
254,530487512,ecolbeck71@feedburner.com
255,366419735,dlipmann72@angelfire.com
256,417810847,ceilles73@sciencedirect.com
257,843704836,gscapens74@mail.ru
258,497040625,tfishly75@hugedomains.com
259,199463790,mdowse76@gmpg.org
260,232119067,glamperti77@tamu.edu
261,455001004,klevens78@dailymotion.com
262,286368324,snicholes79@howstuffworks.com
263,114219708,cedland7a@umn.edu
264,114572794,lmccoll7b@youtube.com
265,642877725,etommaseo7c@g.co
266,321043925,avasyunkin7d@a8.net
267,330296680,skilalea7e@thetimes.co.uk
268,451314793,lcasillis7f@springer.com
269,865270710,rlattin7g@umn.edu
270,295808161,lstonestreet7h@ycombinator.com
271,887842220,cshawell7i@exblog.jp
272,122578386,rlartice7j@digg.com
273,574202101,jbassford7k@weather.com
274,741981882,iskaife7l@comcast.net
275,984701702,dswitland7m@comcast.net
276,781001362,mgrissett7n@spiegel.de
277,137510343,goleary7o@japanpost.jp
278,235143364,ieckery7p@desdev.cn
279,802451733,ghargrove7q@soundcloud.com
280,452710901,fcosgry7r@telegraph.co.uk
281,220643110,tboni7s@wisc.edu
282,811985068,claviss7t@deliciousdays.com
283,861121719,clangthorn7u@microsoft.com
284,799952838,lriggs7v@devhub.com
285,640894706,sbracegirdle7w@ucla.edu
286,282778805,alethabridge7x@jugem.jp
287,463933329,usparshett7y@usda.gov
288,688612329,awest7z@wunderground.com
289,777739024,dchainey80@mozilla.org
290,189471899,chickisson81@wunderground.com
291,585975514,ychitson82@toplist.cz
292,266446681,ckitteridge83@go.com
293,373076281,agauch84@bizjournals.com
294,683919976,asisson85@biblegateway.com
295,744253349,wgreaser86@blogspot.com
296,735100906,nstango87@ifeng.com
297,871512985,atorrese88@psu.edu
298,784317168,frate89@surveymonkey.com
299,192574718,bbridgewood8a@admin.ch
300,929250179,cbase8b@scientificamerican.com
301,704293101,bbelhomme8c@miibeian.gov.cn
302,979045517,rgori8d@mit.edu
303,178005115,rmacneish8e@digg.com
304,295404884,dgerleit8f@dailymail.co.uk
305,502249556,cpitson8g@loc.gov
306,731248965,eknobell8h@nature.com
307,999471225,fluna8i@yellowbook.com
308,682825318,rlorent8j@youtube.com
309,790639924,jwakeham8k@friendfeed.com
310,664580649,lhalfacre8l@yolasite.com
311,824289223,smccague8m@shareasale.com
312,693626817,lmedcraft8n@simplemachines.org
313,378594494,drappport8o@gov.uk
314,488854179,ggreve8p@pagesperso-orange.fr
315,210651298,cfydoe8q@paypal.com
316,134476981,brecords8r@accuweather.com
317,508752804,gfiloniere8s@pen.io
318,329011419,isandeford8t@privacy.gov.au
319,164623498,akullmann8u@craigslist.org
320,299919196,mhare8v@eepurl.com
321,704476177,avarrow8w@irs.gov
322,763930825,jwegner8x@reddit.com
323,197071465,gkalkofen8y@nytimes.com
324,147529632,bhuckabe8z@histats.com
325,232820710,dhabershaw90@google.com.au
326,869597222,edeas91@buzzfeed.com
327,314425247,tfilyukov92@wiley.com
328,773475683,myearne93@slate.com
329,594223919,fsorbey94@plala.or.jp
330,643825413,skohrsen95@buzzfeed.com
331,267202785,ndreinan96@symantec.com
332,692352627,amulholland97@deliciousdays.com
333,879967979,mheld98@usgs.gov
334,749817625,plafrentz99@unc.edu
335,433258068,jluckcock9a@economist.com
336,728612291,gthursfield9b@tripadvisor.com
337,743662504,iclipsham9c@nationalgeographic.com
338,166528103,ranfonsi9d@bandcamp.com
339,279113598,civanaev9e@usatoday.com
340,890035384,trandals9f@pinterest.com
341,421005318,smacharg9g@psu.edu
342,937562570,menticott9h@redcross.org
343,615225653,emccard9i@free.fr
344,915494481,gstirman9j@shop-pro.jp
345,654334310,vmccaffrey9k@fda.gov
346,319498837,tdrummond9l@so-net.ne.jp
347,311297364,aaitkenhead9m@bloglovin.com
348,311815908,fharburtson9n@reference.com
349,289091841,mgrim9o@stumbleupon.com
350,646640734,kmasse9p@google.co.jp
351,164633242,sdurant9q@yahoo.com
352,404790439,sinnwood9r@comsenz.com
353,916956277,tgascone9s@so-net.ne.jp
354,116549862,hpoltun9t@adobe.com
355,936259543,bseydlitz9u@mtv.com
356,993822906,amasham9v@google.ca
357,936397974,wbrosius9w@deviantart.com
358,856704661,bdrewe9x@mit.edu
359,425562911,spinney9y@w3.org
360,118019780,smunslow9z@yolasite.com
361,659419450,aandreaccioa0@joomla.org
362,114723867,spichmanna1@noaa.gov
363,509497872,aferronela2@ezinearticles.com
364,938432785,cmillicana3@com.com
365,330812049,soxburya4@wix.com
366,840167738,akleinhandlera5@drupal.org
367,491383347,mislipa6@loc.gov
368,115396932,spiddletowna7@trellian.com
369,588566678,msassera8@xrea.com
370,455656832,lshearsa9@cbsnews.com
371,754097969,gpaxefordaa@archive.org
372,582428919,cwrathallab@businesswire.com
373,312124036,astapelsac@imgur.com
374,266231882,bvasilischevad@163.com
375,467065377,ywarrackae@ft.com
376,264954527,cpoonaf@devhub.com
377,377549607,eboweryag@salon.com
378,886492637,dferreiroah@rambler.ru
379,570301142,rdeangelisai@ca.gov
380,881479140,fplascottaj@furl.net
381,337930553,bbortolozziak@state.gov
382,341229259,brehoral@gravatar.com
383,360758428,aeelesam@hibu.com
384,309754621,ipetrovan@aol.com
385,672088917,mnowakowskiao@rediff.com
386,807822194,bbortonap@umich.edu
387,543240443,lleysaq@google.ca
388,410657871,bkeepar@constantcontact.com
389,920378660,lnortheyas@nsw.gov.au
390,681530845,samiesat@oaic.gov.au
391,908005333,gquinnau@accuweather.com
392,393314036,jmoorrudav@a8.net
393,662907423,ndorreaw@istockphoto.com
394,635713359,gtallonax@de.vu
395,912957379,wjalesay@deviantart.com
396,992802950,scockranaz@seattletimes.com
397,540904212,srylanceb0@last.fm
398,622231487,gdunstoneb1@dagondesign.com
399,203510401,erobertob2@seattletimes.com
400,998590171,fferreresb3@ft.com
401,627786836,rvasyukhichevb4@bbb.org
402,608117898,araceb5@earthlink.net
403,616856341,hloudwellb6@privacy.gov.au
404,509299951,lavramovb7@webnode.com
405,410271889,zdalescob8@discuz.net
406,752824535,wvaninb9@discuz.net
407,890643182,adillingerba@google.de
408,704608717,elipmanbb@hatena.ne.jp
409,332133826,bformbc@ft.com
410,117249777,wmorsombd@xing.com
411,246299848,hcrampseybe@amazon.co.jp
412,968231237,ghawneybf@cocolog-nifty.com
413,576389114,iatkinsonbg@soundcloud.com
414,261181766,slinzeybh@vimeo.com
415,631144487,lkittelbi@hexun.com
416,748501272,mmathisbj@weebly.com
417,484342209,nstuchburiebk@g.co
418,376110298,whalstonbl@delicious.com
419,811302108,snanettibm@nps.gov
420,305510451,lbehrensbn@cisco.com
421,125176281,rmanuelibo@unc.edu
422,717024616,rconrartbp@un.org
423,466756684,tpridiebq@so-net.ne.jp
424,393287179,ucastanagabr@blogs.com
425,430974253,jpotteridgebs@networksolutions.com
426,172774269,cshoorbrookebt@ft.com
427,892039765,smctaggartbu@tiny.cc
428,236955118,cmcconachiebv@va.gov
429,562352743,bclarabutbw@mtv.com
430,357274166,fdudmanbx@about.com
431,367093528,sfassamby@reuters.com
432,458793884,dalmanbz@harvard.edu
433,166371530,mthomac0@unblog.fr
434,287050253,mtomasonic1@purevolume.com
435,552309946,atorbetc2@berkeley.edu
436,701607322,dwhitmellc3@dot.gov
437,330166195,dplenderleithc4@earthlink.net
438,778013307,dblofieldc5@cam.ac.uk
439,414431847,mjewettc6@huffingtonpost.com
440,203110130,ewingarc7@arizona.edu
441,988308771,prothonc8@walmart.com
442,421532432,vguppiec9@opera.com
443,172315070,dwarboyca@smh.com.au
444,374199148,lsheildscb@eepurl.com
445,666356551,vpaalcc@nih.gov
446,519385382,merangeycd@globo.com
447,497918616,troparsce@prnewswire.com
448,183840161,ssissenscf@issuu.com
449,872354219,aheggescg@macromedia.com
450,427672046,cpechech@gmpg.org
451,839688685,afrymanci@umich.edu
452,651713165,akoppelmanncj@paginegialle.it
453,277046541,jhalliboneck@scientificamerican.com
454,469988302,aranycl@businessweek.com
455,742837263,hdreakincm@nps.gov
456,166651999,mdemarscn@thetimes.co.uk
457,989031321,bollarenshawco@independent.co.uk
458,244137407,ddarellcp@multiply.com
459,986878437,jkleinschmidtcq@loc.gov
460,858631471,swymercr@forbes.com
461,575589896,mlambourncs@edublogs.org
462,437135276,fdaudrayct@1688.com
463,434013026,sscarlancu@bloomberg.com
464,355466718,ndrexelcv@hao123.com
465,559278291,mbaudinscw@angelfire.com
466,962541711,aspurriercx@facebook.com
467,171221811,mferrettinocy@alibaba.com
468,795872298,vtrevaskisscz@senate.gov
469,154022134,bkittoed0@arizona.edu
470,766170050,dfromontd1@berkeley.edu
471,766031167,pshearnd2@shutterfly.com
472,681114169,jlempked3@simplemachines.org
473,202718268,jrickardsd4@yahoo.com
474,540843762,bodulchontad5@smh.com.au
475,459960489,tbarmbyd6@guardian.co.uk
476,700068087,mcargod7@hexun.com
477,516323348,gcrispd8@globo.com
478,362834823,cmatthensend9@surveymonkey.com
479,369604377,bbonnetteda@technorati.com
480,742178098,gwrittledb@elegantthemes.com
481,150568378,lrobertellidc@theatlantic.com
482,632567926,omclurgdd@opensource.org
483,376990109,bpraterde@taobao.com
484,586138799,mbolmanndf@latimes.com
485,779156142,agreensetdg@163.com
486,969403248,gcordsdh@google.com
487,934619685,dknockerdi@thetimes.co.uk
488,864810842,ltownbydj@google.es
489,202096486,kferrottidk@geocities.com
490,434940598,splinckdl@qq.com
491,859487455,vdepinnadm@1und1.de
492,855810240,azambondn@census.gov
493,692977008,agironedo@jimdo.com
494,838290135,dtretwelldp@imageshack.us
495,958392513,msherlockdq@list-manage.com
496,938997247,prosellinidr@patch.com
497,580406333,kbarajads@dot.gov
498,122583234,bacunadt@imdb.com
499,812450708,agrigsbydu@ask.com
500,847895223,qgilbertsondv@guardian.co.uk
501,992367296,ghowedw@fema.gov
502,370513400,gvieyradx@e-recht24.de
503,159312149,kskokoedy@uol.com.br
504,592960469,mwoolfordedz@google.es
505,767892739,kmacmenemye0@yale.edu
506,815367945,ebowyere1@omniture.com
507,791959234,mbeasante2@engadget.com
508,738465646,dbullerwelle3@odnoklassniki.ru
509,982333382,rbisete4@wikia.com
510,249605029,pphinne5@who.int
511,665206380,kbowsere6@livejournal.com
512,824180339,jepgravee7@auda.org.au
513,409861813,fbuntone8@unc.edu
514,123303641,cmepstede9@yandex.ru
515,511984208,bschwandermannea@forbes.com
516,642593107,pbelleweb@liveinternet.ru
517,861511552,kchipperfieldec@npr.org
518,773834503,jkennlered@networkadvertising.org
519,745431600,mharlettee@yolasite.com
520,952750972,inotmanef@blog.com
521,797919938,brayntoneg@nbcnews.com
522,525828321,ggleaveseh@cyberchimps.com
523,173338775,cbynertei@sun.com
524,814891656,cslowleyej@ezinearticles.com
525,454061684,rpidgeleyek@g.co
526,258018745,agoulterel@tinyurl.com
527,950676914,cspinelloem@bloomberg.com
528,835031381,alindenblatten@dailymail.co.uk
529,524643492,mquareeo@ted.com
530,292656280,ksalmenep@jugem.jp
531,228163886,msprigingseq@dmoz.org
532,649239197,pannioner@fastcompany.com
533,206616015,cpoyseres@princeton.edu
534,999453361,rkubiceket@berkeley.edu
535,621158723,rmaireu@elegantthemes.com
536,807610132,ggantlettev@craigslist.org
537,285156551,lpottberryew@simplemachines.org
538,494580891,uabrahamiex@issuu.com
539,456293662,awoolveridgeey@livejournal.com
540,249588315,hleveez@dot.gov
541,606997042,gtiddemanf0@msn.com
542,305896681,pelsonf1@360.cn
543,856974188,gcurmef2@patch.com
544,668560584,hdocwraf3@go.com
545,259935128,foenf4@diigo.com
546,558469035,drupertf5@artisteer.com
547,900630182,zkissickf6@hc360.com
548,764889764,mjeayesf7@parallels.com
549,863983277,ggeistf8@acquirethisname.com
550,819539438,isaterweytef9@kickstarter.com
551,346653403,bpogosianfa@rakuten.co.jp
552,352154508,tdameiselefb@ox.ac.uk
553,594413371,broantreefc@nhs.uk
554,921146478,jastleyfd@delicious.com
555,402362121,nmargettfe@51.la
556,608026526,gfiveashff@woothemes.com
557,305264847,gbaxandallfg@sohu.com
558,156276844,spiaggiafh@yellowbook.com
559,768200618,ckennonfi@blogspot.com
560,896715263,jlawtonfj@is.gd
561,408069232,screefk@shareasale.com
562,115746121,nloneyfl@yahoo.com
563,875225446,matherfm@feedburner.com
564,759420260,evarneyfn@1und1.de
565,718853656,elinekerfo@ted.com
566,365161462,ibussyfp@hibu.com
567,461748274,cbabinskifq@deviantart.com
568,129826377,gsedworthfr@ezinearticles.com
569,901311070,cminerofs@uiuc.edu
570,643960285,dservantft@gnu.org
571,581378899,noscullyfu@mysql.com
572,734348827,lgrishaevfv@acquirethisname.com
573,606645406,fcokaynefw@wix.com
574,204376127,dclutramfx@who.int
575,321220450,jszachfy@vk.com
576,614840457,hbeelsfz@apple.com
577,496967020,lalbasinyg0@booking.com
578,690637588,atrevenug1@foxnews.com
579,935976889,smabbottg2@dion.ne.jp
580,700230898,spasseyg3@wiley.com
581,523332250,fmahaffeyg4@go.com
582,462976992,lbosketg5@purevolume.com
583,258008740,lkonertzg6@arizona.edu
584,998052163,gstrettleg7@ezinearticles.com
585,278985598,bpiccopg8@tripod.com
586,660875243,hyouensg9@virginia.edu
587,301504743,fdewfallga@360.cn
588,656827672,telnoughgb@weibo.com
589,465461955,cboeckegc@bigcartel.com
590,254842642,fwitheringtongd@github.com
591,724349928,hvardonge@apple.com
592,171716720,kbrassillgf@globo.com
593,223500983,aceschigg@pen.io
594,465774364,glandersgh@statcounter.com
595,532196539,cobeegi@tumblr.com
596,352147386,aostickgj@geocities.com
597,886723287,omoehlegk@ovh.net
598,904692718,cvasilyevgl@naver.com
599,116909492,jcrimminsgm@gizmodo.com
600,991632939,ctrowillgn@bizjournals.com
601,252525870,mallpressgo@webnode.com
602,761487135,opicoppgp@goo.ne.jp
603,565452603,fpheargq@eepurl.com
604,425670507,lodowdgr@europa.eu
605,514460880,jcrasswellgs@washington.edu
606,961132922,bfeitosagt@berkeley.edu
607,291031485,hskrinesgu@answers.com
608,766100864,bkleinhausgv@google.pl
609,346842244,zglazebrookgw@newsvine.com
610,514346369,agimletgx@psu.edu
611,378701132,cbairnsfathergy@narod.ru
612,759330601,mshellsheargz@xinhuanet.com
613,183829979,erevilleh0@springer.com
614,456293422,eblackh1@un.org
615,245451410,lhuertash2@ow.ly
616,908930698,gferrettih3@intel.com
617,332987302,pivanovh4@mayoclinic.com
618,537389377,eschimaschkeh5@columbia.edu
619,114475948,lcheakeh6@bbc.co.uk
620,273461088,czannotellih7@time.com
621,261093465,jlittlefairh8@opensource.org
622,196442507,alangeh9@wix.com
623,818958824,mburrillha@gmpg.org
624,517856647,tdallawayhb@harvard.edu
625,936586014,idaceyhc@multiply.com
626,744470382,vbreakeyhd@simplemachines.org
627,700268695,rkristiansenhe@ted.com
628,235384501,gjendryshf@merriam-webster.com
629,290093797,ldescoffierhg@sphinn.com
630,708259314,jbalmhh@myspace.com
631,378966563,oheinishhi@bbb.org
632,490572427,abrawnhj@creativecommons.org
633,899562557,lfreckeltonhk@addthis.com
634,830778962,mbuyershl@mac.com
635,841022673,arollitthm@admin.ch
636,574816328,skillimisterhn@google.com.au
637,928763223,aflindersho@themeforest.net
638,858654332,amatyshp@istockphoto.com
639,688999455,rwhitsunhq@ucla.edu
640,215011551,bstpierrehr@washington.edu
641,265147060,rmushawehs@ucla.edu
642,253666248,ldezamoraht@ebay.co.uk
643,514873946,mtownleyhu@t.co
644,372287386,tgilyotthv@amazon.co.jp
645,865158097,nandrisshw@alibaba.com
646,824445058,cminichihx@economist.com
647,499440197,ahucklesbyhy@vistaprint.com
648,896340970,aobeyhz@fotki.com
649,898432085,clangtryi0@foxnews.com
650,199436120,khayesmani1@tamu.edu
651,233495896,rdevaeni2@mozilla.com
652,688566719,ngreedieri3@ameblo.jp
653,336701962,rvanderwalti4@netlog.com
654,631156954,hlandsmani5@unblog.fr
655,674342304,gwoodgatei6@uol.com.br
656,834573604,dcoili7@senate.gov
657,676643035,jegani8@4shared.com
658,845609579,jthorburni9@mediafire.com
659,511606067,vliesia@oakley.com
660,807573101,nnoltonib@squidoo.com
661,706121385,hvossic@tinyurl.com
662,683044188,gsempillid@flickr.com
663,330343440,amurbyie@behance.net
664,361632578,lzinckeif@delicious.com
665,680432581,icollocottig@macromedia.com
666,836946922,rconersih@behance.net
667,370448683,jcoslettii@sciencedaily.com
668,435323853,jbuchettij@stumbleupon.com
669,564083959,holechik@seattletimes.com
670,474988240,bhaggeril@elpais.com
671,957051462,gdumbletonim@sciencedirect.com
672,550901733,mkrookin@salon.com
673,249460893,rkytterio@wordpress.org
674,381020766,sswiffanip@squarespace.com
675,897411073,bkunciq@shop-pro.jp
676,118593411,scureir@ezinearticles.com
677,581273073,jhehiris@naver.com
678,242036110,vdyzartit@thetimes.co.uk
679,702704510,ccraisteriu@pbs.org
680,328076563,nfellgateiv@acquirethisname.com
681,356509018,rbichenoiw@amazon.de
682,583059581,hmatterisix@unesco.org
683,411629621,rjacmariy@vk.com
684,464025562,ktropmaniz@mlb.com
685,958562963,twhilderj0@bandcamp.com
686,580600573,dsewillj1@xinhuanet.com
687,807195969,mhagardj2@marriott.com
688,598022491,arousellj3@yelp.com
689,349026718,gcumminej4@princeton.edu
690,466286711,aselbachj5@samsung.com
691,753291715,dtosspellj6@barnesandnoble.com
692,312905950,rvarfolomeevj7@yellowbook.com
693,642495761,cwinterfloodj8@opera.com
694,781002468,cpitkaithlyj9@squarespace.com
695,564799066,mprendeguestja@taobao.com
696,751867129,nmacconchiejb@ning.com
697,762678540,jnorquayjc@deviantart.com
698,894357317,szuanazzijd@1und1.de
699,706882059,akleiserje@xinhuanet.com
700,498919090,jmcianjf@com.com
701,629248978,jphilippardjg@europa.eu
702,994960868,bpindredjh@lulu.com
703,614184839,hgannanji@mac.com
704,483008863,mwardropjj@soundcloud.com
705,590961981,kdefreitasjk@google.de
706,868768640,kcorsonjl@deviantart.com
707,822108386,rwillcotjm@bizjournals.com
708,755461750,gcreamjn@netlog.com
709,467706787,smilnesjo@soup.io
710,824834541,dsiggeejp@fastcompany.com
711,537219273,nallardjq@home.pl
712,233198699,wcordnerjr@google.cn
713,587155609,jmccuaigjs@youku.com
714,204157357,gbriggejt@livejournal.com
715,986474594,drosenbloomju@miitbeian.gov.cn
716,724683172,rraynesjv@dmoz.org
717,177837650,rdellenbachjw@umn.edu
718,795342138,tfurmagejx@digg.com
719,132275966,kbenionjy@bravesites.com
720,153991209,taldrenjz@spiegel.de
721,647904051,radamiakk0@auda.org.au
722,980380669,ddenialk1@fotki.com
723,375186865,rmaxfieldk2@a8.net
724,903984908,cgerreltk3@networksolutions.com
725,506631775,nhryncewiczk4@t.co
726,887000858,hgiorgettik5@geocities.com
727,816771902,wrobinetk6@washington.edu
728,233737544,ldenersk7@boston.com
729,179597406,eweatherellk8@acquirethisname.com
730,321894038,hbondek9@pagesperso-orange.fr
731,756805768,ecleetonka@guardian.co.uk
732,201666914,clowellkb@tinypic.com
733,454613496,ktremmilkc@posterous.com
734,191582069,jjoslingkd@usnews.com
735,142203364,athompstoneke@tripod.com
736,279239583,cmullettkf@un.org
737,485946659,ecuestakg@i2i.jp
738,837983545,iskillmankh@nba.com
739,971605019,sbragancaki@usatoday.com
740,461194857,wgleavekj@sciencedaily.com
741,759799826,fstorrahkk@google.it
742,636565192,wtithecotekl@ask.com
743,675199840,mdudneykm@marriott.com
744,300496251,cthormwellkn@wikipedia.org
745,910102428,erappako@oaic.gov.au
746,310339806,rlenhamkp@weebly.com
747,799319010,asendleykq@europa.eu
748,674902337,abasilikr@tinyurl.com
749,634119231,wrobertucciks@apache.org
750,608412502,bcostykt@chicagotribune.com
751,118785265,mfleckneyku@google.cn
752,130567883,secclesallkv@canalblog.com
753,299399733,hpettigreekw@cdbaby.com
754,974399879,nelsleykx@globo.com
755,746495642,hpleaceky@marriott.com
756,915157777,asiddenskz@theglobeandmail.com
757,319969907,rmariell0@usatoday.com
758,173321118,kmargraml1@over-blog.com
759,292829959,rnorthenl2@dailymail.co.uk
760,908797104,cmuntl3@unicef.org
761,374921099,klippettl4@netlog.com
762,437361200,bbernardezl5@wix.com
763,759590793,epeizerl6@ameblo.jp
764,596311526,mrustanl7@utexas.edu
765,980471498,sfyalll8@uol.com.br
766,520924797,lwendenl9@uiuc.edu
767,251402499,mpickinla@instagram.com
768,804113079,oblamirelb@ning.com
769,862366314,aroadlc@boston.com
770,483188339,wpoleykettld@dmoz.org
771,194881172,lannandalele@slate.com
772,666184193,gkleinhautlf@arizona.edu
773,350916086,gblackabylg@foxnews.com
774,577057069,ftoelh@networkadvertising.org
775,488927091,tdrakeli@t.co
776,149218484,jcollumlj@wordpress.org
777,956569206,nmanzelllk@blog.com
778,979841028,gschruurll@rediff.com
779,976702339,mkeyzmanlm@gov.uk
780,778455700,lthomsenln@diigo.com
781,466436560,dfeatherslo@nbcnews.com
782,347535301,hpowlinglp@ustream.tv
783,722392102,lsidgwicklq@businesswire.com
784,824745852,oclitherowlr@issuu.com
785,459941507,etymls@who.int
786,757170536,arandlt@webeden.co.uk
787,279571057,smccrachenlu@dell.com
788,379174278,ealexsandrovlv@discuz.net
789,130357011,abraysonlw@google.ca
790,834695768,pcoanlx@discovery.com
791,983601986,gmanisly@kickstarter.com
792,210434141,mmcilmurraylz@skype.com
793,367831387,rfobidgem0@edublogs.org
794,719171004,erannsm1@sourceforge.net
795,709475702,bartinm2@amazon.com
796,721143369,ghaddenm3@cpanel.net
797,191035408,dsummerhayesm4@npr.org
798,140203751,wharborowm5@berkeley.edu
799,564625622,wnorcliffem6@huffingtonpost.com
800,552912273,hmacgaugheym7@opensource.org
801,952024626,lkennanm8@dailymail.co.uk
802,408638252,vholmyardm9@sakura.ne.jp
803,345147593,jporteousma@addthis.com
804,437441327,fstillmanmb@twitpic.com
805,119317131,wfitzgeorgemc@rediff.com
806,437650846,mgrissettmd@marriott.com
807,908956137,sharpinme@tripadvisor.com
808,456352581,bmorseymf@hao123.com
809,519726690,ibetonmg@geocities.jp
810,772227951,habelovmh@lulu.com
811,401694350,estoniermi@ocn.ne.jp
812,158396770,fmarkovamj@bbb.org
813,243056626,dludymk@prweb.com
814,351651462,rstuddersml@smh.com.au
815,487514842,ktrothmm@live.com
816,939432846,dparademn@tmall.com
817,446862572,njedrasmo@ftc.gov
818,168334622,sstennetmp@ox.ac.uk
819,221458529,ubeamsmq@slideshare.net
820,747799330,jpurdonmr@independent.co.uk
821,692096903,cdominickms@bravesites.com
822,906594255,kfraanchyonokmt@nps.gov
823,115356262,lplaschkemu@over-blog.com
824,117285467,thrihorovichmv@naver.com
825,135683537,rkernanmw@e-recht24.de
826,913975507,sgannymx@odnoklassniki.ru
827,192391916,epatmoremy@sina.com.cn
828,544742453,ubarthelmz@cargocollective.com
829,275514085,cstaggsn0@arstechnica.com
830,267535605,acureen1@ft.com
831,297924753,kscainn2@berkeley.edu
832,266255577,ecaisleyn3@photobucket.com
833,334903101,cstiegarsn4@state.gov
834,717721315,jjanaszewskin5@yelp.com
835,381261559,amicheletn6@t.co
836,919500467,vstanmoren7@archive.org
837,257988554,lwinfredn8@ucoz.ru
838,955412692,ystockeyn9@redcross.org
839,855264875,tedmonsonna@ifeng.com
840,936225450,gspencocknb@acquirethisname.com
841,864743135,sdisburync@tripadvisor.com
842,973862723,sculvernd@ucla.edu
843,934098925,ssemarkne@webmd.com
844,520822713,ceayresnf@51.la
845,406303597,mbrandng@uiuc.edu
846,754739224,einklenh@google.ru
847,694510785,broyni@shinystat.com
848,491566672,gchestermannj@dagondesign.com
849,959630478,hcorteneynk@nationalgeographic.com
850,288852487,fkingslandnl@canalblog.com
851,744983242,emorcomnm@domainmarket.com
852,356920010,jsamsonsennn@lulu.com
853,362885344,kvolkeno@google.com
854,891339688,shynesnp@nyu.edu
855,372071882,zcusworthnq@telegraph.co.uk
856,954487666,gsattinnr@istockphoto.com
857,276881627,tsweetmanns@cbc.ca
858,721058290,ygookeynt@washington.edu
859,904669702,mousbynu@webs.com
860,144035537,tjannawaynv@xinhuanet.com
861,460284322,hbrigmannw@sciencedaily.com
862,748704195,lklaessennx@disqus.com
863,291696454,gellwandny@usgs.gov
864,312120413,hnortheynz@hostgator.com
865,315843079,ljefferdo0@wufoo.com
866,593967056,efelgato1@1und1.de
867,148725997,ccadoreo2@twitter.com
868,135327855,ccalafatoo3@e-recht24.de
869,247086020,tharuardo4@delicious.com
870,447940336,fkunao5@pcworld.com
871,178841491,selgeeo6@army.mil
872,351103545,reshelbyo7@blogger.com
873,549528541,garnalo8@hc360.com
874,120192287,lgilchriesto9@icq.com
875,310254211,jmcelrathoa@blinklist.com
876,232262156,cschutteob@shinystat.com
877,190983884,rbottoc@twitpic.com
878,976945343,dsparhawkod@yellowpages.com
879,533155487,mpoppletonoe@51.la
880,404207014,bbrissonof@businessweek.com
881,335532828,csangeog@google.es
882,595836710,dduiguidoh@blogtalkradio.com
883,438158316,jdeeksoi@rambler.ru
884,349239331,rbernaldooj@comcast.net
885,420644063,fwolpertok@dion.ne.jp
886,422405445,bwolfendaleol@epa.gov
887,864170661,bbremondom@admin.ch
888,806217500,gwaighton@illinois.edu
889,326706336,cweylandoo@noaa.gov
890,538022110,nschimoniop@guardian.co.uk
891,329859798,tivkovicoq@boston.com
892,967896117,asuettor@cyberchimps.com
893,901909985,kdarreeos@netlog.com
894,576788218,bbrunsdenot@cbslocal.com
895,770769348,apostiansou@usa.gov
896,263948586,llittlemoreov@so-net.ne.jp
897,965298000,rmacneishow@baidu.com
898,466075846,cruvelox@reference.com
899,693331840,egabrielyoy@xing.com
900,562091009,trubinowitzoz@virginia.edu
901,830347474,cbiddlep0@mail.ru
902,446099953,tgerreltsp1@fc2.com
903,954035384,hsimcop2@tumblr.com
904,711922753,llabatp3@soup.io
905,394970683,bshoubridgep4@princeton.edu
906,573394028,cvasyukovp5@friendfeed.com
907,213049707,pfomichyovp6@nbcnews.com
908,684250725,jkirknessp7@ed.gov
909,802350095,acoyep8@tumblr.com
910,833414172,lschechterp9@desdev.cn
911,874293576,nshubothampa@sciencedaily.com
912,871753158,jgallerpb@oracle.com
913,924902789,jbesantiepc@slideshare.net
914,271084086,rariaspd@bandcamp.com
915,310217918,bspatarulpe@earthlink.net
916,575936738,mdysertpf@dagondesign.com
917,821845075,cgajownikpg@globo.com
918,729370537,gmusgroveph@ebay.com
919,134185850,aclimiepi@cbslocal.com
920,680494393,ebearcockpj@nymag.com
921,278727570,ltomalapk@reference.com
922,542894673,apolsonpl@google.com.hk
923,886249457,skubelkapm@last.fm
924,404158662,gdowtypn@dropbox.com
925,908009506,mniezenpo@amazon.de
926,494481600,rbrownfieldpp@artisteer.com
927,174013108,ccoldridgepq@netvibes.com
928,887896040,lweltonpr@amazon.de
929,276052647,cdosdellps@amazon.co.jp
930,382378407,mmistrypt@example.com
931,859875680,sbraitlingpu@myspace.com
932,250382785,cvolkspv@squidoo.com
933,813422677,fpitsallpw@diigo.com
934,395950573,sbowkleypx@trellian.com
935,551705832,vtefftpy@biblegateway.com
936,644880845,msommervillepz@dyndns.org
937,138182962,dogleyq0@istockphoto.com
938,218937619,efawloq1@si.edu
939,193123498,cgardenerq2@auda.org.au
940,682332575,credleyq3@vistaprint.com
941,801220570,bshearwoodq4@ezinearticles.com
942,892790911,drushforthq5@google.cn
943,203972092,kwillersq6@example.com
944,148874106,seaseyq7@apache.org
945,566360170,vwallerq8@cafepress.com
946,758470168,ggunstonq9@wufoo.com
947,321046280,pallchorneqa@tumblr.com
948,213585856,bcossumqb@theglobeandmail.com
949,555698236,astonehamqc@mashable.com
950,625020227,bcrutcherqd@1und1.de
951,195836923,rplumbridgeqe@hubpages.com
952,567390122,akimminceqf@tripod.com
953,659045370,wjaneckiqg@oakley.com
954,891715462,nbusstqh@behance.net
955,620536933,creevesqi@examiner.com
956,467613173,cgibbeqj@drupal.org
957,156598061,grubenfeldqk@t-online.de
958,854748164,edampneyql@nifty.com
959,611282659,cfranklinqm@weebly.com
960,627715146,touldredqn@msn.com
961,203253253,tgennerqo@geocities.jp
962,980174019,cmordenqp@ovh.net
963,338186005,mproschekqq@apache.org
964,721495842,bbrusleqr@google.com
965,667709513,afilintsevqs@prnewswire.com
966,905510512,epetitqt@webeden.co.uk
967,543069324,rdouldenqu@cdc.gov
968,885023790,jduvalqv@google.co.uk
969,786327289,wmummeryqw@google.com.br
970,141030988,cpetrenkoqx@thetimes.co.uk
971,494159752,tmarklinqy@wisc.edu
972,280192932,mbranniqz@indiegogo.com
973,917065733,rburlandr0@fda.gov
974,292160538,tcastanerr1@drupal.org
975,668910992,kbrannir2@netscape.com
976,189821501,rheinicker3@oakley.com
977,529789711,bpauluschr4@businessweek.com
978,627328543,rferner5@diigo.com
979,505337200,rpittolir6@posterous.com
980,942249847,hdinseyr7@eventbrite.com
981,469233955,akhoterr8@nationalgeographic.com
982,194097560,adanr9@washingtonpost.com
983,959495206,pdymondra@wired.com
984,730005437,lfauldsrb@nationalgeographic.com
985,156667670,fcalteronerc@booking.com
986,112928987,dbuscherrd@about.com
987,724755263,doxendenre@blogtalkradio.com
988,396212031,cgatheralrf@t-online.de
989,511961975,gwalthorg@webeden.co.uk
990,795170047,kshepardrh@twitpic.com
991,434771421,ahenzeri@ehow.com
992,522630031,cwatsonrj@sciencedirect.com
993,913718076,sembrark@t-online.de
994,647703688,obrazilrl@ftc.gov
995,153251074,cpenroserm@nbcnews.com
996,642840299,gdukesrn@meetup.com
997,341264649,kleonro@livejournal.com
998,876519168,tskoughmanrp@arizona.edu
999,794572216,pnewcomerq@apache.org
1000,432552443,jstroulgerrr@technorati.com
