kosmetyki_id,nazwa_kosmetyku
1,Pimientillo
2,Creeping Charlie
3,Yerba Mansa
4,Hupeh Cotoneaster
5,Whitetop
6,Divergent Buckwheat
7,Needle Lichen
8,Xylosma
9,Longbract Wild Indigo
10,Wedgeleaf Horkelia
11,Pineywoods Geranium
12,Japanese Yew
13,Orange Lichen
14,Orthotrichum Moss
15,Blackbutt
16,Needlegrass
17,Taralea
18,Turpin's Sandmat
19,California Muhly
20,Youth On Age
21,Pringle's Rim Lichen
22,Bentham Cypress
23,'ihi
24,Bryum Moss
25,Koolau Range Melicope
26,Mountain Clarkia
27,Rutter's False Goldenaster
28,Sky Plant
29,Kauai Pteralyxia
30,Arizona Ragwort
31,Snake Canyon Milkvetch
32,Pink Campion
33,American Century Plant
34,American Stickseed
35,Controverial Weissia Moss
36,Alpine Meadow-foxtail
37,Texas Bergia
38,Keck's Bluegrass
39,Streambank Colicwood
40,Pineland Pinweed
41,Taperleaf Water Horehound
42,Alex's Dock
43,St. Thomas Lidpod
44,Cantua
45,Dill Daisy
46,Faurie's Cyanea
47,Turkish Rugging
48,Butte County Checkerbloom
49,Hairy Sunflower
50,Bonebract Amaranth
51,Arctic Lyme Grass
52,Dudley's Lecania Lichen
53,Mt. Albert Goldenrod
54,Pterogonium Moss
55,Guadalupe Cypress
56,Marsh Labrador Tea
57,Dilomilis
58,Canyon Clarkia
59,Cup Lichen
60,Saptree
61,Warner's Hawthorn
62,Parry's Mallow
63,Pallas' Wallflower
64,Whitespine Thistle
65,Kaala Melicope
66,Annual Ragweed
67,Small Green Wood Orchid
68,Plumegrass
69,Wishbone-bush
70,Scarlet Monkeyflower
71,Softhairy Maiden Fern
72,Marsh Rose Gentian
73,Iberian Knapweed
74,Needle Palm
75,West Indian Woodsorrel
76,Santa Rita Mountain Bean
77,Mt. Eke Peperomia
78,Cypress-like Sedge
79,Yate
80,Pine Barren Goldenheather
81,Parry's Wormwood
82,Common Asparagus Fern
83,Ocote Chino
84,Rim Lichen
85,Wild Plantain
86,Rim Lichen
87,Graphina Lichen
88,Lapland Amphidium Moss
89,Heliconia
90,Rice Button Aster
91,Tropical Crabgrass
92,Grassland Croton
93,Menzies' Campion
94,Lecidella Lichen
95,Senita Cactus
96,Curvepod Fumewort
97,North African Knapweed
98,Mississippi River Wakerobin
99,Moundlily Yucca
100,Catchfly Grass
101,Wood Lily
102,Little Nipple Cactus
103,Pacific Tube Lichen
104,Blue Diamond Cholla
105,Few-flowered Cotoneaster
106,Wart Lichen
107,Small Twistedstalk
108,Dot Lichen
109,Alahe'e
110,Herbst's Bur Cucumber
111,Catalina Nightshade
112,Cupgrass
113,San Bernardino Larkspur
114,Wild Chives
115,Small Coastal Germander
116,Panamint Milkvetch
117,Rosarypea
118,Timber Milkvetch
119,Paleflower Labordia
120,Rueppell's Clover
121,Shaggyfruit Pepperweed
122,Smooth Azalea
123,White Arrowleaf Aster
124,White Fairy-lantern
125,Wiggins' Cryptantha
126,Cerro La Torrecilla Stopper
127,Gyalidea Lichen
128,Pickerelweed
129,Pricklypear
130,Woodside Buckwheat
131,Alpine Flatsedge
132,Bentham's Hevea
133,Damasonium
134,Pygmydaisy
135,Yellow Bloodleaf
136,Granite Flatsedge
137,Rugose Lecidea Lichen
138,Forbes' Pipturus
139,Horsehair Lichen
140,Heim's Desmatodon Moss
141,Copperweed
142,Oneseed Bur Cucumber
143,Santa Barbara Ceanothus
144,Undulate Neckeropsis Moss
145,Mountain Tansymustard
146,Triangle Cactus
147,Chaparral Checkerbloom
148,Caesarweed
149,Catalina Ironwood
150,Funaria Moss
151,Sagebrush Combseed
152,Matted Lichen
153,Withe
154,Box Bedstraw
155,Yellow Virginia Springbeauty
156,False Indianmallow
157,Ale
158,Orange Lichen
159,Perforated Parmotrema Lichen
160,California Butterwort
161,Alpine Bluebells
162,Smallflower Beach Pea
163,Variable Sandmat
164,Marvel Dewberry
165,Arizona Willow
166,Flagstaff Rockcress
167,Wart Lichen
168,Southern Amaranth
169,Macridea
170,Snowdrop
171,Rubber Rabbitbrush
172,Sticky Monkeyflower
173,Oatgrass
174,Hairy Knight's-spur
175,Decumaria
176,Chinese Lardplant
177,Lepanthopsis
178,Lanceleaf Cottonwood
179,Rinodina Lichen
180,Larkspur
181,Sneezeweed
182,Slender Bird's Beak
183,Kenmore's Porocyphus Lichen
184,Palo Colorado
185,Inyo Buckwheat
186,Hedgehog Gourd
187,Ravenia
188,Sclerocarya
189,Celeriac
190,Cypress-knee Helmet Orchid
191,Possumhaw
192,Carolina Wild Petunia
193,Edwards Plateau Hoarypea
194,Succulent Owl's-clover
195,Lecidea Lichen
196,American Basswood
197,Ciruelas
198,Curl-leaf Mountain Mahogany
199,Douglas' Knotweed
200,Zion Milkvetch
201,Wart Lichen
202,Tarweed
203,Barnacle Lichen
204,Stonecrop
205,Perplexed Chiodecton Lichen
206,Simpleleaf Bushweed
207,Skyblue Phacelia
208,Clubmoss
209,Anacardium
210,Southernwood
211,Arctic Catchfly
212,Costus
213,Fissidens Moss
214,Utah Swallow-wort
215,Slender Wedgescale
216,Baneberry
217,Small's Blacksnakeroot
218,Old Wood Rimmed Lichen
219,Tryon's Woodsia
220,Southern Balsampear
221,Mirrorplant
222,Pocono Plateau Dewberry
223,Lemmon's Ceanothus
224,Pondweed
225,Touret's Scleropodium Moss
226,West African Albizzia
227,Red Dahlia
228,Marblefruit Pricklypear
229,Wolf Lichen
230,Thickleaf Draba
231,Cartilage Lichen
232,Browne's Poisonwood
233,Hawai'i False Ohelo
234,Nevada Blazingstar
235,Carline Thistle
236,Tundra Aster
237,Anomobryum Moss
238,Kalm's Hawkweed
239,Silverleaf Milkvetch
240,Rainbow Iris
241,Western Tansymustard
242,Arizona Centaury
243,Nehe
244,Miquel's Spicywintergreen
245,Hasse's Thelenella Lichen
246,Graying Clover
247,Ballhead Sandwort
248,Island Blackberry
249,Silk-cotton Tree
250,Carleton's Sand Verbena
251,Sweet White Violet
252,Pickerelweed
253,Plummer's Siltbush
254,Pachyphiale Lichen
255,Sticky Pincushionplant
256,Chapman's Rhododendron
257,False Spiraea
258,Hooker's Mountain-avens
259,Shorthair Sedge
260,Swordleaf Phlox
261,Roadside Sandmat
262,Piedmont Bladderwort
263,Western Sweetvetch
264,Broom Snakeweed
265,Showy Greenbright
266,Canistel
267,Cacaillo
268,Owlfruit Sedge
269,Wild Clary
270,Twoleaf Miterwort
271,Bentham's Broom
272,Aquatic Aspicilia
273,Manatee Dewberry
274,Polyblastia Lichen
275,Mouse's Eye
276,Grand Junction Cryptantha
277,Fourleaf Peperomia
278,Alpine Azalea
279,Meadow Willow
280,Parry's Saltbush
281,Jill Of The Rocks
282,Hawkweed
283,Caley Pea
284,Port Clarence Indian Paintbrush
285,Burn Nose
286,Platycodon
287,Tall Brake
288,Ambiguous Trematodon Moss
289,Tephromela Lichen
290,Carolina Saxifrage
291,Leafy Skyrocket
292,Desert Ceanothus
293,Rim Lichen
294,Sessile Pterygoneurum Moss
295,Dwarf Palmetto
296,Siberian Catchfly
297,St. Augustine Grass
298,Downy Hawthorn
299,Florida Hoarypea
300,Cortadora Blanca
301,Neckera Moss
302,Rice Button Aster
303,Gambel's Dwarf Milkvetch
304,Ngai Camphor
305,White Bedstraw
306,Evergreen Sumac
307,Bundleflower
308,Beardlip Penstemon
309,Carmichaelia
310,Floating Spurge
311,Leavenworth's Tickseed
312,Nylon Hedgehog Cactus
313,Siberian Wheatgrass
314,Prairie Milkvine
315,Sudan Raphia Palm
316,Oregon Gumweed
317,Woodhouse's Bahia
318,Denseflower Rein Orchid
319,Rock Willow
320,Hispid Campylium Moss
321,Hairy Skullcap
322,Mountain Sandalwood
323,Twisselmann's Buckwheat
324,Tall Oat Grass
325,Cithara Buckwheat
326,Bog Goldenrod
327,Sierra Horkelia
328,Dian Mu Dan
329,Drew's Silky Lupine
330,Soft-hair Marbleseed
331,Keyflower
332,Santa Cruz Island Hollyfern
333,Le Conte's Flatsedge
334,Stegonia Moss
335,Waxy Bedstraw
336,Easter Flower
337,Nealley's Globe Amaranth
338,West Indian Flatsedge
339,Dwarf Checkerbloom
340,Sclerophyton Lichen
341,Great Basin Desertparsley
342,Mogollon Geranium
343,Timothy
344,Redwood Lily
345,Lespedeza
346,Rigid Didymodon Moss
347,Neofuscelia Lichen
348,Poreleaf
349,Greater Bladder Sedge
350,Redstem
351,Elegant Cinquefoil
352,Carpetgrass
353,Texas Screwstem
354,Gum Ghatti
355,Dudley's Rush
356,Sierra Marsh Fern
357,Mexican Star
358,New Mexico Spiny Milkvetch
359,White Doll's Daisy
360,Hairy White Oldfield Aster
361,Largeflower Triteleia
362,Rough Blackfoot
363,Voitia Moss
364,Arizona Mousetail
365,Rice Button Aster
366,Parrya
367,Hualalai Bur Cucumber
368,Lanceleaf Thorow Wax
369,Hare's Ear Mustard
370,Variableleaf Collomia
371,Wart Lichen
372,Elegant Zinnia
373,Soot Lichen
374,Orange Wall Lichen
375,Fragile Oat
376,Molokai Peperomia
377,Brewer's Milkvetch
378,Gunnison's Mariposa Lily
379,Gum
380,Pussytoes Eggyolk Lichen
381,Eggleaf Bristle Fern
382,Polysporina Lichen
383,Florida Beaksedge
384,Booth's Evening Primrose
385,Wenatchee Valerian
386,Calycophyllum
387,Paraleptodontium Moss
388,Douglas' Knotweed
389,Slender Watermilfoil
390,Holmes' Hawthorn
391,Elephanthead Lousewort
392,Port Clarence Indian Paintbrush
393,Nuttall's Townsend Daisy
394,Prairie Pleuridium Moss
395,Great Ragweed
396,Field Sagewort
397,African Mahogany
398,Goatweed
399,Flatsedge
400,Heartleaf Mock Orange
401,Spirea
402,Nuttall's Povertyweed
403,Smooth Yellow False Foxglove
404,European Frostweed
405,Kauai Catchfly
406,Owl's-clover
407,Brant's Oak
408,Graptophyllum
409,Mustang Monardella
410,Manyflower Flatsedge
411,Bering Chickweed
412,Bushy Bluestem
413,Orange Agoseris
414,Tacca
415,American Grama
416,Cachimbo Grande
417,Melanelia Lichen
418,Waianae Range Yellow Loosestrife
419,Hybrid Cherry
420,Zion Indian Paintbrush
421,California Adderstongue
422,Tall Blazing Star
423,Poverty Brome
424,Neofuscelia Lichen
425,Caribbean Tree Destroyer
426,Short's Goldenrod
427,Pulvinate Chalice Lichen
428,Drew's Silky Lupine
429,Peltate Dutchman's Pipe
430,Oniongrass
431,Campylopus Moss
432,Shaggyhair Lupine
433,Scabland Fleabane
434,Creeping Alkaligrass
435,Buxbaumia Moss
436,Psilolechia Lichen
437,Hygrohypmum Moss
438,Disc Lichen
439,Lassicus Lupine
440,Cockleshell Lichen
441,Heartleaf Philodendron
442,Bluebead
443,American Burnweed
444,Lewis' Clarkia
445,Splitleaf Cyanea
446,Different-nerve Sedge
447,Short's Rockcress
448,Miriquidica Lichen
449,Cutleaf Coneflower
450,Cape Bugle-lily
451,Pilot Range Cinquefoil
452,Pitcherplant
453,Silky Dogwood
454,Catasetum
455,Xanthoparmelia Lichen
456,Reclined Gumweed
457,Idaho Gumweed
458,Paiute Buckwheat
459,Pachycereus
460,Utah Mousetail
461,Paper Birch
462,Shortleaf Trichostomopsis Moss
463,Sierra Willow
464,Smallhead Doll's Daisy
465,Webber's Milkvetch
466,Pinkflower Hedgehog Cactus
467,Tube Lichen
468,Mountain Necklace Fern
469,Peninsular Beargrass
470,Silvery Nailwort
471,Diamond-flowers
472,Horseflyweed
473,Summer Ragwort
474,Devil's Spineflower
475,Japanese Bittercress
476,Cecilia's Prairie Clover
477,Sticky Leaf Arnica
478,Crandall's Beardtongue
479,Rimmed Navel Lichen
480,Almquist's Allantoparmelia Lichen
481,Hairgrass
482,Gulf Spikemoss
483,Four O'clock
484,Austin Desertparsley
485,Coleus
486,Guama Venezolano
487,Mexican Redbud
488,Cold Crabseye Lichen
489,Swamp Boreal-daisy
490,Red Monardella
491,Glandular Speedwell
492,Cantua
493,Eastwood's Fiddleneck
494,Limestone Draba
495,Red Dahlia
496,Yukon Fleabane
497,Bluehearts
498,Cloudcroft Phacelia
499,Cunila
500,Midsorus Fern
501,Texas Bindweed
502,Indian Warrior
503,Orcutt's Brome
504,Toyon
505,Everglades Squarestem
506,Longbract Wild Indigo
507,Pinefoot
508,Black Coral-pea
509,Skin Lichen
510,Snowdrop Windflower
511,Fevertree
512,Forest Babyboot Orchid
513,Manzanita
514,Asiatic Mangrove
515,Whiteedge Flatsedge
516,Thinstem Lady's Mantle
517,Frenchman's Bluff Grapefern
518,Pink Stickseed
519,Shortleaf Woollygrass
520,Fragile Oat
521,Wall Barley
522,Polynesian Heliotrope
523,Eastern Fringed Catchfly
524,Western Silver Aster
525,Wavy-leaved Saltbush
526,Densespike Blazing Star
527,Dogwood
528,Waterplantain Buttercup
529,Broadbeard Beardtongue
530,Horn Loco Milkvetch
531,Rattail Grass
532,Schell Creek Draba
533,Bunchleaf Penstemon
534,Bryum Moss
535,Red Powderpuff
536,Wright's Nipple Cactus
537,Pygmy Date Palm
538,Dot Lichen
539,Florida Lady's Nightcap
540,Scattered Paspalum
541,Rim Lichen
542,California False Hellebore
543,False Sisal
544,Onetooth Woodfern
545,Fragrant Hempvine
546,Broadnineleaf Biscuitroot
547,Kangaroo Vine
548,Water Plantain
549,Confused Astrothelium Lichen
550,Psilopilum Moss
551,Yellow Waterlily
552,Acacia
553,Sideoats Grama
554,Flynn's 'ohe
555,Brewer's Lupine
556,Geyer's Biscuitroot
557,Japanese Tree Lilac
558,'awikiwiki
559,Snowpeaks Raspberry
560,Parrya
561,Thinleaf Creepingfern
562,Bigfruit Evening Primrose
563,Privet
564,Plummer's Candyleaf
565,Hispid Needle Lichen
566,Medicineplant
567,Jujube
568,Cascade Barberry
569,Western Azalea
570,Strawberry
571,Gray Alder
572,Yerba De Clavo
573,Coccocypselum
574,Heartleaf Noseburn
575,Lyon's Hacksaw Fern
576,Indian-physic
577,Sandywoods Sedge
578,Nihoa Pritchardia
579,Necklace Fern
580,Cracked Lichen
581,Arrocillo
582,Smooth Northern-rockcress
583,Ferron's Milkvetch
584,Grisebach's Tribisee
585,Southeastern Sunflower
586,Pineland Nailwort
587,Freycinetia
588,Western Fringed Catchfly
589,Wreath Lichen
590,Argentine Pepperweed
591,Queensland Sedge
592,Puerto Rico Swallow-wort
593,Astomum Moss
594,Lecidea Lichen
595,Shiny Biscuitroot
596,Zarzabacoa De Dos Hojas
597,New England Blackberry
598,Onespike Beaksedge
599,Blue Birch
600,Prairie Willow
601,Running Fleabane
602,Britton's Centaury
603,Palo Alto Thistle
604,Crested Latesummer Mint
605,Cucumberleaf Sunflower
606,Scaly Blazing Star
607,Fee's Spleenwort
608,Drummond's Campion
609,Chrysoma
610,Coville's Phacelia
611,Shasta Chaenactis
612,American Bluehearts
613,Korean Rockfern
614,Scalloped Milkwort
615,Puerto Rico Lidflower
616,Wart Lichen
617,Mangrove
618,Intermediate Arrowhead
619,Sequoia Mycocalicium Lichen
620,Tapertip Cupgrass
621,Springdale Rockdaisy
622,Joinvillea
623,Arrowleaf Buckwheat
624,Cream Albizia
625,California Goldenbanner
626,Indian Milkvetch
627,Pumpelly's Brome
628,Gregg's Sensitive Pea
629,Wart Lichen
630,Marin Knotweed
631,Bigfruit Crab
632,Trans-pecos False Clapdaisy
633,Vahl's Speedwell
634,Rhabdoweisia Moss
635,Scarlet Vetch
636,Utah Serviceberry
637,Solidstem Burnet Saxifrage
638,Mono Craters Blazingstar
639,Cusp Blazing Star
640,Chalice Lichen
641,Cascade False Hellebore
642,American Plum
643,Wyeth's Lupine
644,Horsehair Lichen
645,Broadleaf Forget-me-not
646,Hawai'i 'ohe
647,White Lobelia
648,Bank Catclaw
649,Sage
650,Weft Fern
651,Straggling St. Johnswort
652,Streambank Bird's-foot Trefoil
653,Osage False Foxglove
654,Stoloniferous Pussytoes
655,Bodywood
656,New York Blackberry
657,Hillyhock
658,Cream Stonecrop
659,Hooker's Manzanita
660,Cara De Caballo
661,Woollyleaf Manzanita
662,Fatoua
663,Yerba De San Juan
664,Winter Vetch
665,Creamcups
666,Bitter Fleabane
667,Locoto
668,Hawai'i Potato Fern
669,Cloudcroft Thistle
670,Thickleaf Ragwort
671,Rough Draba
672,Woodland Forget-me-not
673,Cup Lichen
674,Del Norte Pea
675,Wampi
676,Garden Vetch
677,Catstongue
678,Whiskerbush
679,Mauna Loa Clermontia
680,Smallflower Deathcamas
681,Petite Flamboyant Bauhinia
682,Engelmann's Milkweed
683,Whitebark Raspberry
684,Arizona Mousetail
685,Cracked Lichen
686,Missouri Goldenrod
687,Baretwig Neststraw
688,Utah Angelica
689,Weber's Rim Lichen
690,Littleleaf Skullcap
691,Gypsum Tansyaster
692,Bartramia Moss
693,Tansyaster
694,Helleriella
695,Schlegelia
696,Showy Gilia
697,Single Threeawn
698,Fairy Slipper
699,Fragrant Fritillary
700,Tahitian Kidneywood
701,Armored Spikemoss
702,Witchhazel
703,Starbur
704,Mexicali Onion
705,Hawai'i Roughbush
706,Eurhynchium Moss
707,Yellow Triteleia
708,Tufted Wallaby Grass
709,Emorybush
710,Alaska Springbeauty
711,Ghostplant
712,Foothill Clover
713,Graceful Buttercup
714,Campylopus Moss
715,Jeweled Thistle
716,Smallflower Deathcamas
717,Shortleaf Crabgrass
718,Lilac Snapdragon
719,Texan Canoparmelia Lichen
720,Loulu
721,Northern Green Orchid
722,Dust Lichen
723,Kidney Lichen
724,Scribble Lichen
725,Sharpleaf Penstemon
726,Oleander Fern
727,Fringed Passionflower
728,Hanaupah Rockdaisy
729,Warnstorfia Moss
730,Eagle Pass Blacksenna
731,Longleaf Fleabane
732,Weed's Mariposa Lily
733,Pacific Stonecrop
734,Thinfruit Labordia
735,Missouri Blackberry
736,Pondspice
737,Beard Lichen
738,Shining Milkwort
739,Pig's Ear
740,Small Camas
741,Blazing Star
742,Hawai'i Poisonberry Tree
743,Chihuahuan Balloonvine
744,Appalachian Blazing Star
745,Spiked Ipomopsis
746,Johnny Reb Hawthorn
747,Yellow And White Monkeyflower
748,Winged Lythrum
749,Douglas' Buckwheat
750,Hawkweed
751,Common Snowberry
752,Wreath Lichen
753,Siberian Larch
754,Fire Reedgrass
755,Guama
756,Fivepetal Cliffbush
757,False Naked Buckwheat
758,Watson's Bedstraw
759,Alpine Sagebrush
760,Bristly Linanthus
761,Fleshy Hawthorn
762,Nut Palm
763,Eurasian Woodrush
764,Sage
765,Shortfruit Evening Primrose
766,Eggyolk Lichen
767,Parish's Saltbush
768,Flavoparmelia Lichen
769,Coville's Rush
770,Purple False Gilyflower
771,Miller's Rock Moss
772,Siberian Elm
773,Montezuma Xanthoparmelia Lichen
774,Needlegrass
775,Foothill Gilia
776,European Feather Grass
777,Beefsteakplant
778,Miniature Lupine
779,Fairy Beaksedge
780,Indian Aster
781,Snakecotton
782,Brickellbush
783,Florida Milkpea
784,Scallopleaf Sage
785,Hawai'i Hala Pepe
786,Variableleaf Flymallow
787,Green Monardella
788,Pineneedle Toadflax
789,Hoe Nightshade
790,Cyphomeris
791,River False Buttonweed
792,Narrowleaf Onion
793,Hard Treefern
794,White Fairy-lantern
795,Sweet Four O'clock
796,Fowl Mannagrass
797,Dwarf Stickpea
798,Plummer's Baccharis
799,Southern Crabgrass
800,Runyon's Sunflower
801,Gander's Cryptantha
802,Ballhead Ipomopsis
803,Graham's Willow
804,Texas Muhly
805,Bushy Yate
806,Koolau Range 'ohe
807,Annual Checkerbloom
808,Dust Lichen
809,Cutleaf Thelypody
810,Purple Sedge
811,Alpine Golden Buckwheat
812,Snow Lichen
813,Columbus Grass
814,Wool Grass
815,Tangerine
816,Liguleleaf Weissia Moss
817,Pilo 'ula
818,Mono Penstemon
819,Purple Spikerush
820,California Harebell
821,Oriental Poppy
822,Shortleaf Trichostomopsis Moss
823,Goldfields
824,Red Haw
825,Mountain Necklace Fern
826,Slender Looseflower Sedge
827,Fonio
828,Bigelow's Beggarticks
829,Long-foot Cyanea
830,Esmeralda Buckwheat
831,Rim Lichen
832,Hillside Vervain
833,Woolly Sunflower
834,Hispid Campylium Moss
835,Stiffbranch Bird's Beak
836,Poverty Threeawn
837,Yellow Indian Paintbrush
838,Cusick's Milkvetch
839,Broadleaf False Buttonweed
840,Scorpion Ticktrefoil
841,Arctodupontia
842,Skin Lichen
843,Longleaf Pondweed
844,Fewleaf Sunflower
845,Rhizoma Peanut
846,Purple Speargrass
847,Pihea Woodfern
848,Pinellia
849,Helminthostachys
850,Green Molly
851,West Humboldt Buckwheat
852,Fringedfern
853,Green Withe
854,Wright's Waxweed
855,Coulter's Goldfields
856,Toothed Sphagnum
857,Broadleaf Lupine
858,Parmelinopsis
859,Wart Lichen
860,Violet-vein Viper's Bugloss
861,Japanese Iris
862,Anoectochilus
863,Purple Lovegrass
864,Beggarticks
865,Rustyleaf Cyanea
866,Serviceberry
867,Cartilage Lichen
868,Fustic
869,Feltleaf Ceanothus
870,Monterey Indian Paintbrush
871,Summer Mock Orange
872,Cory's Dutchman's Pipe
873,Fleshyfruit Gladecress
874,Safflower
875,Wattapama
876,Vancouver Groundcone
877,Broomwort
878,Bergamot Orange
879,Mogollon Mountain Vetch
880,Quillwort
881,Winter Aconite
882,Jelly Lichen
883,Santa Barbara Milkvetch
884,Threeflower Rush
885,Largeseed Bittercress
886,Wallowa Needlegrass
887,Catillaria Lichen
888,Emin's Strophanthus
889,Wart Lichen
890,Fivepetal Leaf-flower
891,Bastardsage
892,Matted Lupine
893,Livid Sedge
894,Pringe's Platyhypnidium Moss
895,Eggers' Century Plant
896,Sylvan Scorzonella
897,Porpidia Lichen
898,Flagstaff Rockcress
899,Tapered Rosette Grass
900,Horseweed
901,Hairytwig Huckleberry
902,Sonoran Silverbush
903,Aridland Peperomia
904,Birchbark Dot Lichen
905,Simple Campion
906,Wine-colored Leather Flower
907,Jacob's-ladder
908,White Giant Hyssop
909,Kellogg's Monkeyflower
910,Basin Saltbush
911,Mammee Apple
912,Golden Linanthus
913,Rivet Wheat
914,Antenoron
915,White Cottongrass
916,Scarlet Jungleflame
917,Dudley's Rush
918,Dwarf Stonecrop
919,Alpine Bedstraw
920,Checkered Jointtail Grass
921,Chirriador
922,Mahoe
923,Guatemalan Indigo
924,Desertsunflower
925,Evelyn Keteleeria
926,Vahl's Box
927,Clusterleaf
928,Keal's Stenogyne
929,Turkish Rugging
930,Clustered Dodder
931,Yellow Bluestem
932,Coastal Plain Palafox
933,Bower Wattle
934,Tupelo
935,Wart Lichen
936,Maconcona
937,Thimblehead
938,Buckley's Goldenrod
939,Meadow Milkvetch
940,Helmet Flower
941,Little Spurflower
942,Switchgrass
943,Santa Catalina Mariposa Lily
944,Douglass' Springparsley
945,Mountain Pride
946,Betonyleaf Noseburn
947,Sweetscented Joe Pye Weed
948,Mudmats
949,European Privet
950,Mountain Pine
951,Violet Churur
952,Silver Bird's-foot Trefoil
953,Felt Lichen
954,Bastard Cherry
955,Belmore Sentrypalm
956,Longtip Lacebark
957,Largeleaf Lupine
958,Hygroamblystegium Moss
959,Checker Lily
960,Rough Barnyardgrass
961,Rooted Poppy
962,Rice Button Aster
963,Sweetroot
964,Idaho Bladderpod
965,Pterocarpus
966,Common Rush
967,White Stickpea
968,Naked Rhizomnium Moss
969,Bamboo
970,Desertsunflower
971,Heath
972,Cary's Beardtongue
973,Horsehair Lichen
974,High Mountain Cinquefoil
975,Wright's Stonecrop
976,Oldham's Baby's-breath
977,Divi Divi
978,Maui Peperomia
979,Ogden's Pondweed
980,Common Ninebark
981,Macoun's Barley
982,Coccocarpia Lichen
983,Devil's-claw
984,Spike Fescue
985,Whitemouth Dayflower
986,Northern Catalpa
987,Anadyr Draba
988,Singlestem Buckwheat
989,Ragged Rockflower
990,Constance's Bittercress
991,Silvery Nailwort
992,American Barberry
993,Palmer's Penstemon
994,Dry Land Woodfern
995,Holm's Ragwort
996,Pouzolzia
997,Greenland Mountain Ash
998,Orange Lichen
999,Nerine
1000,Sweet Orange
