siec_id,nazwa_sieci
1,"Friesen, Dicki and Brakus"
2,Mertz and Sons
3,"Abbott, Johns and Greenfelder"
4,"Doyle, Purdy and Murazik"
5,"Mertz, Bogisich and Douglas"
6,Mayert-Ziemann
7,Schinner Group
8,Schuster Group
9,Gulgowski-Bednar
10,"Hartmann, Kunze and Dibbert"
11,DuBuque Group
12,Kozey Group
13,Barton-Leuschke
14,"Gottlieb, Parker and Altenwerth"
15,Bosco-Leannon
16,"Dickens, Dare and Fritsch"
17,"Littel, Kulas and Upton"
18,Mraz Group
19,Dietrich-O'Reilly
20,"Huel, Krajcik and Macejkovic"
21,Block and Sons
22,"Lehner, Lindgren and Leffler"
23,Ankunding Group
24,Ernser and Sons
25,"Runte, Cole and Lueilwitz"
26,"Gibson, Towne and Wiza"
27,"Halvorson, Stark and Krajcik"
28,"Fritsch, McCullough and McGlynn"
29,Simonis-O'Kon
30,Pfannerstill-Langosh
31,Veum Inc
32,Bosco and Sons
33,Hartmann Inc
34,Kshlerin Inc
35,Anderson-Simonis
36,Farrell-Greenholt
37,Reichel-Stanton
38,"Haag, Bechtelar and Feest"
39,Hermiston-Turner
40,Grant-Abernathy
41,Hirthe-Spencer
42,MacGyver Inc
43,Rowe and Sons
44,Hudson-Kovacek
45,Trantow-Kohler
46,Armstrong LLC
47,Kuphal Group
48,"Emard, Auer and Reichel"
49,Huel-Aufderhar
50,Greenholt-Ebert
51,"Tillman, Nader and Leffler"
52,Bartell-Gibson
53,"Herman, Pouros and Olson"
54,Satterfield and Sons
55,Deckow LLC
56,Hegmann Inc
57,Haag Group
58,"Funk, Lubowitz and Ebert"
59,Bechtelar-Wolf
60,Willms Inc
61,"Ferry, Reichel and Keeling"
62,"Skiles, Rath and Erdman"
63,Corkery Inc
64,Sawayn-Walsh
65,Lehner Group
66,Fay-Smith
67,Macejkovic-Runte
68,Heathcote LLC
69,Moore and Sons
70,West-Spencer
71,Will-Heidenreich
72,Littel-Walsh
73,Balistreri-Lubowitz
74,"Emard, Kuhlman and Sanford"
75,"Kovacek, Trantow and Upton"
76,Wunsch LLC
77,Gleason LLC
78,"Keebler, Hodkiewicz and Kuphal"
79,"Douglas, Nicolas and Mueller"
80,Ryan-Gerlach
81,Howe LLC
82,Schulist LLC
83,Murazik-Lindgren
84,Buckridge-Murazik
85,Tillman Inc
86,Feest Group
87,Little-Robel
88,Jenkins-Grimes
89,Abbott-Krajcik
90,"Schuster, Beer and Schultz"
91,Stark-Denesik
92,Kuphal Group
93,Satterfield-Haag
94,Padberg-Erdman
95,Wisoky-Beer
96,Mante-Brown
97,"Steuber, Brown and Satterfield"
98,Keebler Group
99,"Von, Flatley and Welch"
100,Hartmann Group
101,Zemlak-Runolfsson
102,"DuBuque, Kshlerin and Strosin"
103,"Welch, Armstrong and Hickle"
104,Rolfson Group
105,Medhurst LLC
106,Botsford-Kuhn
107,Stark-Johnson
108,Wolff-Crona
109,"O'Connell, Wiza and O'Hara"
110,Frami LLC
111,O'Conner LLC
112,"Bosco, Larkin and Parker"
113,Parker-Kunde
114,"McLaughlin, Osinski and Gibson"
115,Kuhn-Rogahn
116,Hayes Inc
117,Morissette-Corkery
118,"Hickle, Wolff and Becker"
119,Roob-Stiedemann
120,"Spinka, Tremblay and Torphy"
121,"Franecki, Murray and Frami"
122,"Von, Schmidt and Kuvalis"
123,Spinka-Crooks
124,"Walter, Pagac and Keebler"
125,Howe-Ratke
126,"Welch, Olson and Ward"
127,West and Sons
128,Mohr-Rutherford
129,McLaughlin-Pfeffer
130,Lockman Inc
131,Macejkovic and Sons
132,Willms-Smith
133,"Keeling, Stroman and Boyle"
134,Rutherford-MacGyver
135,Johnston LLC
136,Kilback-Gottlieb
137,Padberg-Kihn
138,Labadie Group
139,"Pouros, Doyle and Hudson"
140,Schneider and Sons
141,Gerhold-Boyer
142,Mayer-Jast
143,Price-Klein
144,Bartoletti Inc
145,"Homenick, Predovic and Boehm"
146,Waelchi-Kautzer
147,Hamill-Kertzmann
148,"Prohaska, Stokes and Kuphal"
149,"Williamson, Howe and Baumbach"
150,Rippin-Spencer
151,Dickinson Group
152,Nolan-Lang
153,"Pacocha, Hilll and Torphy"
154,"Kiehn, Waelchi and Steuber"
155,Reilly and Sons
156,Yundt Inc
157,Erdman and Sons
158,Metz-Mitchell
159,Bernier Inc
160,"Goyette, Skiles and Wintheiser"
161,Schaden Inc
162,"Wiegand, Parker and Bahringer"
163,"Leannon, Corwin and Willms"
164,"Wisoky, Crooks and Stark"
165,"Sipes, Fadel and Schroeder"
166,Cummerata Inc
167,Walsh LLC
168,Morar-Marks
169,Koss-Langworth
170,Morar Group
171,"Zboncak, Hettinger and Crist"
172,Reinger-Haag
173,Wisoky-Wiegand
174,Herman Group
175,"Jaskolski, Olson and Prosacco"
176,Schowalter Group
177,Wisoky-Douglas
178,DuBuque-Macejkovic
179,Hyatt-Larson
180,Price-Waters
181,Haag-Howe
182,"Parisian, Satterfield and Krajcik"
183,Ratke Group
184,Hackett LLC
185,Rodriguez Inc
186,Predovic Inc
187,Jenkins-Krajcik
188,"McKenzie, Heathcote and Willms"
189,Boehm Group
190,"Ortiz, Schiller and Kirlin"
191,Lesch-Wisozk
192,Orn LLC
193,"Jakubowski, Gerhold and Jakubowski"
194,"Rowe, Cormier and Abshire"
195,"Schmeler, Marks and Jerde"
196,Blanda-Padberg
197,Mraz Group
198,"Medhurst, Kris and Gutkowski"
199,Monahan-Zboncak
200,Torphy-Turner
201,Mraz-Sawayn
202,Quigley-Welch
203,Lowe-Reichert
204,Dibbert and Sons
205,Schmidt-Koelpin
206,Leuschke-Daugherty
207,Swaniawski and Sons
208,Schinner Group
209,Nikolaus and Sons
210,Kreiger Group
211,Lockman-Feest
212,Wyman-Lynch
213,"Rippin, O'Connell and Collier"
214,Schimmel Inc
215,"Goodwin, Kemmer and Larkin"
216,McClure Group
217,Dickens-Boyer
218,Koepp-Schmidt
219,"Thompson, Barton and Hackett"
220,Friesen LLC
221,Hegmann-Oberbrunner
222,"Towne, Walsh and Lind"
223,"McClure, O'Hara and Buckridge"
224,"Gorczany, Nienow and Beier"
225,Goldner and Sons
226,Monahan and Sons
227,Schiller-McKenzie
228,Quitzon LLC
229,Braun-Quigley
230,Kunde Group
231,Emard-Cummings
232,"MacGyver, Sporer and Stanton"
233,Metz LLC
234,Nienow-Robel
235,"Hodkiewicz, Bednar and Tromp"
236,Kessler-Mayer
237,"Parker, Corwin and Nitzsche"
238,"Stamm, Gaylord and Gaylord"
239,Botsford-Ratke
240,"Kuphal, Weimann and Schuppe"
241,Wyman-Halvorson
242,"Hessel, Padberg and Hoeger"
243,Spinka-Gleichner
244,"Bergstrom, Herman and Predovic"
245,"Schaden, Funk and Kilback"
246,"Mann, Marquardt and VonRueden"
247,Upton Inc
248,Hamill-Simonis
249,Gottlieb Group
250,Beahan-Wyman
251,Graham Group
252,"Olson, Heaney and Russel"
253,Flatley LLC
254,"Brakus, Walter and Dickinson"
255,Smith and Sons
256,"Zboncak, Lesch and Bode"
257,Rau-Greenfelder
258,Herman LLC
259,Glover-Hettinger
260,"Kautzer, Stiedemann and Wintheiser"
261,"Jacobson, Blick and Kub"
262,"Cummings, Doyle and Jerde"
263,"Mohr, Goodwin and Turner"
264,"Bernhard, Wyman and Donnelly"
265,"Stracke, Simonis and Towne"
266,Hettinger and Sons
267,Schumm Group
268,Howe Inc
269,"Ebert, Boyle and Strosin"
270,"Goodwin, Cartwright and Kovacek"
271,"Davis, Powlowski and Kling"
272,"Hegmann, Gorczany and Lesch"
273,Purdy Group
274,Schiller-Altenwerth
275,Corkery Inc
276,Hermann-Leannon
277,Grimes Inc
278,Hane-Bosco
279,Towne and Sons
280,Fisher-Nicolas
281,Grady-Bechtelar
282,Batz-Rogahn
283,O'Connell-Schmidt
284,Treutel and Sons
285,Hudson and Sons
286,Treutel-Schmeler
287,Gerlach Group
288,"Bosco, Zieme and Gulgowski"
289,"Monahan, Kshlerin and Little"
290,"Mraz, Bode and Lesch"
291,Frami-Schmidt
292,Prohaska and Sons
293,"Fritsch, Pfannerstill and Bahringer"
294,McLaughlin-Bradtke
295,Ward and Sons
296,Lindgren and Sons
297,"Stracke, Collier and O'Keefe"
298,Kerluke Group
299,Hermann-Kerluke
300,Runte Group
301,Becker-Robel
302,McDermott-Jacobson
303,Runolfsson and Sons
304,"Lehner, Zieme and Mills"
305,Harvey-Larson
306,"Renner, Gusikowski and Hodkiewicz"
307,Schinner Inc
308,"Ullrich, Corwin and Franecki"
309,"Macejkovic, Crona and Prosacco"
310,Zboncak-Hane
311,Johnston Inc
312,Gaylord-Bauch
313,"Davis, Feest and Goldner"
314,O'Keefe-Strosin
315,"Wilkinson, Koepp and Graham"
316,Reichert-Braun
317,Bosco and Sons
318,Carroll Group
319,Bergnaum-Paucek
320,Nader-Stiedemann
321,"Friesen, Harvey and Ortiz"
322,"Daniel, Windler and Ortiz"
323,Reilly LLC
324,Klein and Sons
325,Conn Group
326,"Torp, Casper and Bechtelar"
327,Moen-Langosh
328,Rosenbaum-Bins
329,"Feest, Von and Johns"
330,"Aufderhar, Towne and Cronin"
331,"Bosco, Kautzer and Emmerich"
332,Pagac-Collier
333,Hamill and Sons
334,Koepp-Marquardt
335,Schneider and Sons
336,Brekke-Kuvalis
337,Buckridge Group
338,Paucek Group
339,"Casper, Kohler and Leannon"
340,Gulgowski Inc
341,Kris-Cassin
342,Cummings and Sons
343,Emard and Sons
344,Maggio-Ruecker
345,Schowalter and Sons
346,Collier-Spencer
347,Maggio LLC
348,Yundt-Blick
349,Gorczany LLC
350,"Schaefer, Ruecker and Trantow"
351,Ernser Inc
352,Maggio LLC
353,Kerluke-Klein
354,"Marquardt, Doyle and Hegmann"
355,Bashirian Group
356,Schmitt-Powlowski
357,Gleichner-Ziemann
358,Metz Group
359,Batz Group
360,Stark-O'Conner
361,Braun-Heathcote
362,"Grady, Bruen and Klein"
363,Hamill LLC
364,"Jerde, Okuneva and Abbott"
365,Schumm-Feeney
366,"MacGyver, Stracke and Waelchi"
367,Durgan Group
368,"Mueller, Gulgowski and Kunde"
369,McLaughlin-Kunde
370,Kling-Aufderhar
371,Goodwin and Sons
372,Blick-Miller
373,Mueller Inc
374,Lesch-Sipes
375,Dietrich-Torphy
376,Yost Inc
377,"Medhurst, Wuckert and Flatley"
378,"Torphy, Hamill and Will"
379,O'Hara and Sons
380,"Schumm, Block and Hettinger"
381,Stiedemann Group
382,"Turcotte, Nienow and Gaylord"
383,Torp-Kiehn
384,Tremblay and Sons
385,"Price, Jerde and O'Hara"
386,Reinger-Powlowski
387,Bins Group
388,Pfeffer Group
389,Bosco and Sons
390,Koepp-Kshlerin
391,Mante-Sporer
392,"Wilkinson, Denesik and Hane"
393,Skiles and Sons
394,"Bins, Lehner and Koch"
395,Walter-Hahn
396,Senger Group
397,Sporer LLC
398,Gottlieb-Ward
399,Murray Inc
400,Schamberger-Mann
401,Ebert LLC
402,Rau Group
403,Ruecker LLC
404,"Green, Marks and Gorczany"
405,Kuvalis-Zboncak
406,Schuppe-Yundt
407,"Mayer, Grimes and Kuhn"
408,"Shanahan, Herzog and Rau"
409,McDermott-Labadie
410,Borer Inc
411,Legros-Heathcote
412,Batz-Willms
413,"Zemlak, Cummings and Gleason"
414,"Gottlieb, Hauck and Roob"
415,Fahey LLC
416,"Steuber, Larkin and Wolff"
417,Blick and Sons
418,"Hahn, Leannon and Dickens"
419,"Hackett, Brekke and Walsh"
420,Denesik-Green
421,"Murray, Torphy and Williamson"
422,Kuphal Inc
423,Lubowitz-Gusikowski
424,Blick and Sons
425,Lakin-Altenwerth
426,Swaniawski-Larson
427,"Sporer, Turner and Runolfsdottir"
428,Kilback-Jaskolski
429,Streich Inc
430,"Cole, Osinski and Stroman"
431,Anderson-Crist
432,Greenholt Group
433,Wunsch-Ullrich
434,Stoltenberg LLC
435,Swaniawski-Beatty
436,Homenick-Homenick
437,"Kulas, Greenholt and Marvin"
438,Kuvalis-Stanton
439,"Sanford, Johnston and Nader"
440,Bartoletti-O'Conner
441,"Champlin, Mayer and Welch"
442,Keeling-Will
443,"Gibson, Waelchi and Cremin"
444,Kozey Inc
445,Harber LLC
446,Reynolds Group
447,"Zboncak, Kuhlman and Herman"
448,"Nicolas, Corwin and Morar"
449,Schuppe LLC
450,"Wisozk, Bartell and Kunde"
451,Trantow-Nicolas
452,Brakus-Hyatt
453,Bayer-Langosh
454,Borer LLC
455,Streich-Cummings
456,Rohan-Simonis
457,"Corwin, Predovic and Orn"
458,Jones Group
459,Rempel and Sons
460,Weimann-Fay
461,"Hansen, Kuhic and Kertzmann"
462,"Goldner, Kessler and Douglas"
463,Yundt Inc
464,Kris Inc
465,Nolan and Sons
466,"Parker, Stokes and Kozey"
467,"Ullrich, Lesch and Wintheiser"
468,Jacobson-Kilback
469,Schimmel and Sons
470,"Rath, Kshlerin and Dicki"
471,Bernhard-Conn
472,Hammes and Sons
473,Pacocha Inc
474,Parker-Dach
475,Zboncak and Sons
476,Murray-Muller
477,Gutkowski Inc
478,Wolf and Sons
479,Sawayn-Franecki
480,Hermiston Group
481,Roberts-Schinner
482,Von-Kohler
483,"Macejkovic, Walsh and Corwin"
484,"Hudson, Schowalter and Schuster"
485,Brakus LLC
486,Mayert and Sons
487,"Flatley, Prohaska and Rosenbaum"
488,Kulas LLC
489,Kshlerin Inc
490,Homenick-Rogahn
491,"Metz, Hayes and Fritsch"
492,Johns Group
493,Feeney-Becker
494,Ortiz LLC
495,Koch Group
496,Goldner LLC
497,"Schulist, Zieme and Hauck"
498,"Wiza, Jacobi and Lowe"
499,Barton Inc
500,Treutel-Brown
501,Gaylord Group
502,"Conn, Jerde and Bogan"
503,Terry and Sons
504,Emmerich-Tromp
505,"Gutmann, Glover and Bins"
506,Adams Inc
507,Swaniawski-Gerhold
508,"Ratke, Durgan and Gleichner"
509,Stamm Group
510,Runolfsdottir-Douglas
511,Turcotte LLC
512,Schoen-Hayes
513,Wisoky Group
514,Gottlieb-Orn
515,"Streich, Lemke and Tillman"
516,"Gusikowski, Emmerich and Schuster"
517,"Kihn, Fisher and Ondricka"
518,Abbott Group
519,"Klein, Hansen and Prosacco"
520,Witting-Hoppe
521,"Kessler, Harber and Koelpin"
522,Gislason-Wyman
523,Trantow-Welch
524,Johnston Group
525,Cronin-Ward
526,Cole-Frami
527,Smitham-Langworth
528,"Hane, Emmerich and Okuneva"
529,Harvey and Sons
530,Gleichner-Mertz
531,Auer Group
532,Yost and Sons
533,Hermann-Jacobi
534,"Howell, Renner and Ziemann"
535,"Crona, Christiansen and Bosco"
536,Beier-Huels
537,Reinger Group
538,"Kessler, Windler and Terry"
539,Kreiger-Kling
540,"Nolan, Effertz and DuBuque"
541,Gislason LLC
542,"Greenfelder, Bode and Donnelly"
543,Volkman Inc
544,Lesch-Mueller
545,Veum and Sons
546,Friesen Group
547,Olson-Kuhlman
548,Lesch Group
549,Nolan Group
550,"Oberbrunner, Lemke and Funk"
551,Senger and Sons
552,Beier-Paucek
553,"Renner, Schowalter and Barton"
554,"Kulas, Ferry and Shields"
555,Cummerata-Leffler
556,"Kulas, Wolff and Mraz"
557,"Farrell, Steuber and Tromp"
558,Schultz Inc
559,Gislason-MacGyver
560,"Abernathy, Schultz and Veum"
561,Cremin-Koepp
562,Dickinson Group
563,"Osinski, Lowe and Lowe"
564,Marquardt LLC
565,Runolfsson-Reichert
566,Abernathy-Stokes
567,"Berge, Baumbach and Ledner"
568,Cremin Inc
569,"Considine, Price and Kohler"
570,Thompson-Douglas
571,Kilback-Crist
572,Buckridge and Sons
573,"Toy, Marvin and Zemlak"
574,Marvin and Sons
575,"Predovic, Cruickshank and Nader"
576,Reilly LLC
577,"O'Conner, Friesen and Okuneva"
578,"Sawayn, Walsh and Fay"
579,"Buckridge, Prohaska and Simonis"
580,Bashirian and Sons
581,Olson-Schaefer
582,Hickle and Sons
583,"Conroy, White and Walsh"
584,"Rice, Kilback and Batz"
585,"O'Kon, Quigley and Nitzsche"
586,Simonis LLC
587,"Nicolas, Romaguera and Denesik"
588,"McLaughlin, Ziemann and Mueller"
589,Wiegand-Fritsch
590,Schroeder Group
591,Dach Group
592,"Abbott, Johnson and Bechtelar"
593,Dickens-Pouros
594,Koss-Klocko
595,Kozey Group
596,Spencer Group
597,Hilll-Emard
598,"Roberts, Marvin and Nienow"
599,Shields LLC
600,"Casper, Bayer and Casper"
601,Glover LLC
602,"Jerde, Nader and Toy"
603,"Von, Nicolas and Quigley"
604,Adams-Kulas
605,Buckridge Group
606,Waters Group
607,Ankunding-Lind
608,Ortiz-Stark
609,Abshire-Beer
610,Walker and Sons
611,Beier and Sons
612,Lynch and Sons
613,"Stracke, Hermiston and Schuster"
614,"Collins, Wiegand and Lowe"
615,Mertz-Schoen
616,Ritchie Group
617,"Kulas, Bednar and Ebert"
618,"Welch, Veum and Reichert"
619,"Crist, Crist and Ritchie"
620,"Gutmann, Harris and Kemmer"
621,"Donnelly, Schulist and McClure"
622,"Schneider, Conn and Lind"
623,O'Conner-Hansen
624,Murazik-Gleichner
625,"Hagenes, Luettgen and Koss"
626,Hackett LLC
627,"Jerde, Greenfelder and Beahan"
628,"Schimmel, Gislason and Stracke"
629,Will LLC
630,"Borer, Cartwright and Marvin"
631,Hahn Inc
632,"Herzog, Gutmann and Wintheiser"
633,Nicolas-Ebert
634,Corwin-Orn
635,Paucek and Sons
636,Zemlak-Bode
637,Mante Group
638,Dickinson Inc
639,Bode-Klocko
640,"Wyman, Halvorson and Olson"
641,"Corwin, Homenick and Block"
642,Bayer-Harris
643,Zboncak-Zemlak
644,Kozey and Sons
645,Kozey and Sons
646,Haag-Littel
647,Bode-Johnson
648,Blick-Gerlach
649,"Gottlieb, Smitham and Turcotte"
650,Hirthe-Effertz
651,"Heaney, Hansen and Johnston"
652,Von and Sons
653,Haag-Flatley
654,"Wyman, Schroeder and Medhurst"
655,Lind-Klocko
656,"Schultz, Adams and Sporer"
657,Frami-Quitzon
658,"Prohaska, O'Kon and Metz"
659,Keebler Group
660,Schinner LLC
661,Kihn-McGlynn
662,"Swift, Kirlin and Connelly"
663,McKenzie-Bogisich
664,Dicki Inc
665,Will-Rolfson
666,Prosacco and Sons
667,Rosenbaum-Zboncak
668,Daniel Group
669,Nader LLC
670,Shields Group
671,"Fritsch, MacGyver and Beier"
672,"Gibson, O'Connell and Huels"
673,Schulist Inc
674,"Considine, Streich and Daugherty"
675,Bins LLC
676,Hettinger and Sons
677,Hoppe Inc
678,"Stroman, Torp and Thompson"
679,Cassin-Orn
680,Mosciski-Waelchi
681,Sanford Group
682,Bradtke and Sons
683,"Reichel, Fisher and Gibson"
684,Dach Inc
685,McCullough Inc
686,Bauch Inc
687,Dooley Group
688,Purdy Group
689,"Fay, Walker and Jakubowski"
690,Upton LLC
691,Wisoky-Schulist
692,"Heathcote, Cassin and Greenfelder"
693,"Bradtke, Mayert and Johnson"
694,Block-Keebler
695,"Robel, Stroman and Hamill"
696,"Pouros, Nicolas and Mertz"
697,"Jerde, Bayer and Murphy"
698,"Harber, Pagac and Barrows"
699,Mraz LLC
700,Kunze-Zieme
701,Witting-Marvin
702,"Kerluke, Runolfsdottir and Ernser"
703,Greenfelder-McCullough
704,Padberg-Kuhic
705,Kerluke-Ferry
706,Rau and Sons
707,"Kuvalis, Ratke and Schamberger"
708,"Terry, Beer and Beatty"
709,"Farrell, Murray and Fay"
710,Lehner LLC
711,Kiehn-Satterfield
712,Davis Inc
713,Rice-Gerhold
714,Graham LLC
715,Lakin-Veum
716,Upton and Sons
717,"Wiegand, Johnson and Hilll"
718,Kuhic-Rutherford
719,Schroeder-Kemmer
720,"Gibson, Kirlin and Steuber"
721,"Hills, Mante and Klocko"
722,Mohr-Stark
723,Walsh LLC
724,Walter-Reynolds
725,Torp-Heidenreich
726,"Hackett, Johnston and Robel"
727,Koch Group
728,"Kessler, Gutmann and Haag"
729,Grimes and Sons
730,Senger-Hessel
731,Bogan Inc
732,Wolff Group
733,Willms Group
734,Ritchie and Sons
735,Rolfson-Krajcik
736,"Kulas, Hodkiewicz and Schuppe"
737,"Rice, Hammes and Kerluke"
738,"Gutkowski, Brown and Prohaska"
739,Oberbrunner-Bailey
740,"Abernathy, Schroeder and Collins"
741,Denesik-Herman
742,"Schneider, Mayert and Murphy"
743,Crona-Yost
744,Jakubowski-Oberbrunner
745,Marks LLC
746,"Hayes, Rice and Botsford"
747,Cormier and Sons
748,"Rogahn, Davis and Moen"
749,Schowalter LLC
750,Kessler-Hayes
751,"Ernser, Kuhlman and Marks"
752,Walter Inc
753,"Nicolas, Kuvalis and Ziemann"
754,Gusikowski LLC
755,Kirlin-McCullough
756,"Brekke, Jakubowski and Ledner"
757,"Rohan, Cole and Greenfelder"
758,Wisoky LLC
759,O'Kon and Sons
760,"West, Cruickshank and Pollich"
761,Walter LLC
762,"Gibson, Grant and Ferry"
763,Lind Group
764,"Stoltenberg, Reynolds and Dietrich"
765,"Wuckert, Gerlach and Schuster"
766,"Cruickshank, Fritsch and Walker"
767,Ledner LLC
768,"Homenick, O'Hara and Fadel"
769,"Rosenbaum, Prohaska and Oberbrunner"
770,Rau-Fay
771,"Kemmer, Buckridge and Ankunding"
772,Stanton Group
773,"Koelpin, Glover and Bechtelar"
774,Gibson Inc
775,Grant-Torphy
776,Halvorson Group
777,Kutch Group
778,"Haley, Sporer and Vandervort"
779,Dach-Volkman
780,Labadie Group
781,"Sanford, Balistreri and Ortiz"
782,Mann LLC
783,"Abernathy, Hessel and Ward"
784,"Reichert, Kerluke and Collins"
785,Nader Group
786,"Strosin, Wiegand and Yundt"
787,Cronin LLC
788,Abshire-Bernhard
789,Langosh Inc
790,"Ernser, Hoppe and Jacobi"
791,"Klein, Dare and Shields"
792,"Dickens, Crooks and Nienow"
793,"Jenkins, Beatty and Ryan"
794,"Schowalter, Marvin and Gutmann"
795,Cruickshank Group
796,"Stehr, Sporer and Ernser"
797,Bosco and Sons
798,Parisian LLC
799,Watsica Group
800,"Homenick, Rolfson and Murazik"
801,Beahan-Treutel
802,Wisoky Inc
803,"Nikolaus, Gutmann and Barton"
804,Stanton Group
805,Howell-Barton
806,"Pouros, Kuvalis and Kunde"
807,Reinger and Sons
808,"Kihn, Larkin and Haag"
809,Lehner-Stamm
810,Hamill-Stracke
811,"Carter, Hand and Carroll"
812,Willms LLC
813,Kunde and Sons
814,Murazik-Morar
815,Nikolaus-Emmerich
816,Graham LLC
817,Stehr-Tremblay
818,Murazik LLC
819,"Morissette, Baumbach and Moore"
820,Wolf Inc
821,Nicolas-Wolff
822,Zemlak Group
823,"Cummings, Murphy and Reichert"
824,Shields and Sons
825,Lang Inc
826,Hyatt Group
827,Jerde and Sons
828,Hauck Group
829,Heller LLC
830,"Schmidt, Feest and Bernier"
831,Ruecker-Heidenreich
832,"Bailey, Grimes and Rogahn"
833,Roob-Block
834,Jacobi-Fahey
835,"Heathcote, Dickens and Volkman"
836,Bernier Inc
837,Runolfsdottir Inc
838,Hauck and Sons
839,Marks Inc
840,Schroeder-Bergstrom
841,VonRueden-Romaguera
842,"Koelpin, Wiza and Mraz"
843,Prohaska LLC
844,Mayert LLC
845,Balistreri-Yundt
846,"Wiza, Hammes and Goldner"
847,Keebler and Sons
848,Kuphal and Sons
849,O'Hara-Grimes
850,"Bayer, Ritchie and Johns"
851,"Kemmer, Heathcote and Crona"
852,Cronin-Ebert
853,Littel Group
854,Bode-Dietrich
855,Bartell LLC
856,"Kuhlman, Torphy and Konopelski"
857,Reilly-West
858,Barrows LLC
859,Kautzer Inc
860,Gerhold-Corkery
861,"White, Corkery and Schmidt"
862,Daniel and Sons
863,Reichert-Wehner
864,"Collins, Daugherty and Kunde"
865,Reichert-Koch
866,Torphy Group
867,Fay-Tromp
868,"Bogisich, Pfeffer and Herzog"
869,Farrell-Kihn
870,Block Group
871,Kessler-Littel
872,"Bahringer, Larson and Jacobi"
873,Franecki and Sons
874,Kohler-Gerhold
875,Abernathy LLC
876,"Corwin, Blick and Greenholt"
877,"Howell, Casper and Olson"
878,"Dietrich, Cruickshank and Leuschke"
879,"Doyle, Schoen and Kirlin"
880,Effertz Inc
881,"Walsh, O'Hara and Wintheiser"
882,Shields Group
883,Wehner LLC
884,Bogan LLC
885,Schinner LLC
886,McGlynn Group
887,"Mertz, Marvin and Howell"
888,"Ferry, Parisian and Donnelly"
889,Cole Group
890,Lang-Keeling
891,"Koelpin, Bins and Bradtke"
892,"Lowe, Strosin and Christiansen"
893,"Romaguera, Kassulke and Wintheiser"
894,Gislason Inc
895,"Upton, Brakus and Kreiger"
896,Rosenbaum LLC
897,Gaylord Inc
898,Dietrich-Wuckert
899,Schulist-Schamberger
900,Bogisich Inc
901,Bartell-Von
902,VonRueden Inc
903,Lockman and Sons
904,"Gerlach, Herzog and Runolfsdottir"
905,Parisian Group
906,Fadel-Rowe
907,Tromp-Schamberger
908,Collins-Hilpert
909,"Quitzon, Legros and Lemke"
910,"Ziemann, Boyer and Kiehn"
911,Hegmann-Baumbach
912,Bode LLC
913,Sanford-Jacobi
914,Terry Inc
915,"Donnelly, Corwin and Langosh"
916,Kessler and Sons
917,"Ernser, Wisozk and Marks"
918,Russel and Sons
919,Tremblay-Johns
920,Mueller-Crist
921,Klocko-Kuphal
922,"Gleichner, Jacobson and Waelchi"
923,Williamson LLC
924,"Mills, Fahey and Kub"
925,Schiller Inc
926,Pfannerstill and Sons
927,Bogisich-Barrows
928,Okuneva-Murazik
929,Schimmel-Grant
930,Douglas-Ziemann
931,Price-Kiehn
932,Mosciski LLC
933,Runolfsson-Klein
934,Jacobs Group
935,"Dickinson, Johns and Huel"
936,Marvin Group
937,Rowe and Sons
938,Bauch-Welch
939,Kessler-Schneider
940,Price LLC
941,"Bradtke, Hartmann and Wintheiser"
942,Becker-Lehner
943,"Reinger, Hartmann and Muller"
944,Cassin LLC
945,"Kovacek, Mayer and Yundt"
946,Christiansen Group
947,"Prosacco, Bode and Schowalter"
948,Pagac and Sons
949,"Frami, Hand and DuBuque"
950,Koepp-Jacobson
951,Kirlin Group
952,Schuster-Donnelly
953,Harber Inc
954,"Rempel, Wilkinson and Larkin"
955,Sporer-Predovic
956,Nikolaus Group
957,Fisher LLC
958,Bechtelar-Osinski
959,McCullough Inc
960,Monahan and Sons
961,"Kunde, Block and Haley"
962,Emmerich and Sons
963,Cummerata-Predovic
964,Schuppe and Sons
965,"Weber, Reichel and Labadie"
966,"Gorczany, Marvin and Russel"
967,"Streich, Rolfson and Rolfson"
968,Koch and Sons
969,"Dibbert, Nikolaus and Lehner"
970,"O'Hara, Champlin and Hagenes"
971,Bins Group
972,"Thiel, Auer and O'Conner"
973,Stanton-Kuvalis
974,Murphy-Luettgen
975,Haag-Nader
976,White LLC
977,Robel and Sons
978,Wiza-Breitenberg
979,Metz Inc
980,"Konopelski, Kirlin and Kiehn"
981,"Robel, Haag and Gusikowski"
982,Kreiger-Robel
983,Johnston-Smitham
984,"Frami, Homenick and Towne"
985,Swaniawski and Sons
986,Goldner LLC
987,Denesik LLC
988,"Hayes, Boyer and Balistreri"
989,Rogahn-Hegmann
990,Walker Group
991,Connelly Inc
992,"Schamberger, Torp and Dickinson"
993,Wolf-Kuphal
994,Kreiger-Dickinson
995,Bernier Group
996,Armstrong-Becker
997,Dickens-Hayes
998,Kuvalis Group
999,Gottlieb Inc
1000,Schamberger-Lindgren
