specjalizacja_id,nazwa_specjalizacji,dodatkowe_informacje
1,Antibacterial Hand Arctic Blast,Boilermaker
2,Heparin Sodium,Plumber
3,flormar PERFECT COVERAGE FOUNDATION SUNSCREEN BROAD SPECTRUM SPF 15 104 Vanille Eclat,Stucco Mason
4,Tussin DM,Ironworker
5,3M Cavilon Durable Barrier,Waterproofer
6,Remedy Nutrashield,Sheet Metal Worker
7,Pramipexole Dihydrochloride,Pipefitter
8,Ursodiol,Millwright
9,Aspirin,Boilermaker
10,RESTORIL,Sheet Metal Worker
11,Methylphenidate Hydrochloride,Stucco Mason
12,Standardized Timothy Grass,Waterproofer
13,Norgestimate and Ethinyl Estradiol,Painter
14,Promethazine Hydrochloride,Boilermaker
15,Dolce and Gabbana The Lift Foundation Golden Honey 170,Ironworker
16,Methazolamide,Boilermaker
17,ONDANSETRON,Plasterers
18,"Pollens - Weeds and Garden Plants, Dog Fennel, Eastern Eupatorium capillifolium",Millwright
19,Anticavity,Laborer
20,Lorazepam,Welder
21,Eye Stress,Landscaper
22,"Rye Grass, Perennial Standardized",Painter
23,Pleo Poly Dx,Plasterers
24,Pleo Pin,Glazier
25,HYDROMORPHONE HYDROCHLORIDE,Equipment Operator
26,Gastropanpar,Sheet Metal Worker
27,PHACE BIOACTIVE CLARIFYING SERUM,Carpenter
28,DRISDOL,Tile Setter
29,Antihistamine Allergy,Safety Officer
30,Ibuprofen,Landscaper
31,Sore Throat Relief,Safety Officer
32,RITE AID RENEWAL,Carpenter
33,Furosemide,Carpenter
34,SMART SENSE,Waterproofer
35,nighttime cold and flu relief,Ironworker
36,ShopRite Migraine Formula,Laborer
37,SUMATRIPTAN SUCCINATE,Electrician
38,Lexapro,Glazier
39,Texas Knows Allegy Relief,Electrician
40,Oxaprozin,Linemen
41,Caldolor,Boilermaker
42,Venlafaxine Hydrochloride,Safety Officer
43,Clotrimazole,Brickmason
44,Sun Mark Mucus Relief Cough,Ironworker
45,Trelstar,Painter
46,Prochlorperazine Edisylate,Welder
47,YS Solution Ac control Skin Regular Mild,Cement Mason
48,Ziprasidone hydrochloride,Brickmason
49,Ranitidine,Welder
50,CLE DE PEAU BEAUTE REFRESHING PROTECTIVE I,Linemen
51,Hydroxychloroquine Sulfate,Pipelayer
52,Number Two Weed Mixture,Landscaper
53,HOUSE DUST,Ironworker
54,Geodon,Pipefitter
55,Burn-B Gone OTC,Carpenter
56,Stila Color Correcting Broad Spectrum SPF 20,Painter
57,Nitrofurantoin Macrocrystals,Terrazzo
58,Childrens Non Aspirin,Electrician
59,Cotz Pure SPF 30,Glazier
60,Atenolol,Painter
61,LBEL MAXIMUM COMFORT AND LONG-LASTING FOUNDATION SPF 10,Plasterers
62,Folic Acid,Waterproofer
63,Amlodipine Besylate,Safety Officer
64,OxyContin,Electrician
65,symmetry Foaming Hand Sanitizer Fragrance Free with Aloe and Vitamin E,Stucco Mason
66,Deb Med InstantFOAM Hand Sanitizer,Safety Officer
67,Ecolab,Concrete Finisher
68,Head and Shoulders 2in1,Waterproofer
69,Denavir,Stucco Mason
70,Neutrogena Nourishing Eye Quad,Equipment Operator
71,Sulwhasoo Snowise Foundation,Plasterers
72,Good Neighbor Pharmacy Aspirin,Carpenter
73,Labetalol Hydrochloride,Pipelayer
74,PRAVASTATIN SODIUM,Painter
75,TOBI Podhaler,Safety Officer
76,Softlips Pearl Gloss,Pipefitter
77,Ciprofloxacin,Pipelayer
78,Health Mart Daytime,Laborer
79,Paser,Safety Officer
80,Zicam,Pipelayer
81,Monobasic Sodium Phosphate and Dibasic Sodium Phosphate,Laborer
82,HISTEX,Ironworker
83,Fosinopril Sodium,Waterproofer
84,Chloramphenicol Sodium Succinate,Boilermaker
85,Mepivacaine Hydrochloride,Refridgeration
86,Retin-A,Carpenter
87,CANDIDA YEAST,Painter
88,Capacet,Pipelayer
89,Arnica Echinacea First Aid,Plasterers
90,PINUS ECHINATA POLLEN,Welder
91,Calcipotriene,Stucco Mason
92,BareMinerals Warm Tan,Refridgeration
93,Catapres,Welder
94,Buspirone Hydrochloride,Painter
95,Monurol,Sheet Metal Worker
96,Fngsode,Plumber
97,Good Neighbor Pharmacy Triple Antibiotic,Welder
98,Acyclovir,Plasterers
99,Humulin,Painter
100,Crest Complete Multi-Benefit,Welder
101,La Creme,Cement Mason
102,Spironolactone,Plumber
103,Cedar Elm,Concrete Finisher
104,DYE-FREE ALLERGY RELIEF,Landscaper
105,Amoxicillin and Clavulanate Potassium,Millwright
106,Nimodipine,Concrete Finisher
107,ERWINAZE,Laborer
108,Preferred Plus Loperamide Hydrochloride,HVAC
109,Ascorbic Acid,Welder
110,Enteric Aspirin,Brickmason
111,Triamterene and Hydrochlorothiazide,Carpenter
112,Manzatin-E Diaper Rash Skin Protectant,Brickmason
113,Stool Softener,Stucco Mason
114,healthy accents aller ease,Laborer
115,Dexamethasone,Painter
116,Butorphanol Tartrate,Painter
117,Nitroglycerin Transdermal Delivery System,Boilermaker
118,Eastern White Pine,Plumber
119,Sandostatin LAR Depot,Plumber
120,Jantoven,Terrazzo
121,care one cold multi symptom,Pipelayer
122,Treatment Set TS350906,Glazier
123,DawnMist Deodorant Bar No. 5,Landscaper
124,Oxybutynin Chloride,HVAC
125,ondansetron hydrochloride,Welder
126,CareOne Childrens All Day Allergy,Tile Setter
127,clear days ahead,Refridgeration
128,Doxycycline,Plasterers
129,Alcohol Free Foam Sanitizer,Terrazzo
130,Irbesartan,Pipefitter
131,IFOSFAMIDE,Equipment Operator
132,up and up ibuprofen,Millwright
133,Hansai Beestox Sun Cream,Terrazzo
134,POPULUS DELTOIDES POLLEN,Concrete Finisher
135,PrismaSol,Carpenter
136,Formica Arnica,Boilermaker
137,Onmel,Equipment Operator
138,A.H.C Real Eye For Face,Plumber
139,Terrasil Skin Repair,Carpenter
140,Medrol,Tile Setter
141,SOLU-MEDROL,Plasterers
142,Yes To Carrots Sweet Fig Lip Butter with SPF 15,Electrician
143,"Pacific Garden Foam Hand Sanitizer, Fragrance Free, Dye Free",Waterproofer
144,Neutrogena Rapid Clear,Terrazzo
145,Magnesium Sulfate in Dextrose,Landscaper
146,Childrens Pain and Fever,Carpenter
147,Metformin hydrochloride,Cement Mason
148,Goose Feathers,Carpenter
149,Salagen,Pipefitter
150,NARS,HVAC
151,"Butalbital, Acetaminophen, and Caffeine",Terrazzo
152,healthy accents complete lice treatment,Carpenter
153,NARS ALL DAY LUMINOUS FOUNDATION,HVAC
154,Cefoxitin and Dextrose,Cement Mason
155,Almacone,Painter
156,Minocycline Hydrochloride,Stucco Mason
157,Metabolic Support,HVAC
158,Enalapril Maleate,Pipefitter
159,PLACENTA EX DAY,Millwright
160,Dicyclomine Hydrochloride,Waterproofer
161,Colds Yellow Mucous,Carpenter
162,Chest Rub,Pipefitter
163,Common Sagebrush,Plumber
164,Zonnic Nicotine Polacrilex,Plasterers
165,Lisinopril,Landscaper
166,Ferrum phos. 6 Special Order,Stucco Mason
167,STANDARDIZED MITE D FARINAE,Sheet Metal Worker
168,SMITH BROS HONEY LEMON Cough Drops,Brickmason
169,Phendimetrazine Tartrate,Welder
170,PROPOXYPHENE NAPSYLATE AND ACETAMINOPHEN,Sheet Metal Worker
171,Numb Nuts,Ironworker
172,sinus,Pipelayer
173,Clarithromycin,Plasterers
174,Ibuprofen,Pipelayer
175,Broad Spectrum SPF 30 Sunscreen,Landscaper
176,RITE AID RENEWAL,Ironworker
177,Perphenazine,Terrazzo
178,JANUVIA,Landscaper
179,Isopropyl Alcohol,Terrazzo
180,Ogestrel 0.5/50,Welder
181,Spiny Pigweed,Tile Setter
182,Cheratussin DAC,Refridgeration
183,Ambien,Waterproofer
184,Phrenilin,Safety Officer
185,Rocky Mountain Juniper,Millwright
186,Amoxicillin and Clavulanate Potassium,Equipment Operator
187,Clonidine Hydrochloride,Equipment Operator
188,Doxepin Hydrochloride,Laborer
189,Hada Labo Tokyo Protecting Day SPF 30,Waterproofer
190,"Dextroamphetamine Saccharate, Amphetamine Aspartate, Dextroamphetamine Sulfate and Amphetamine Sulfate",Ironworker
191,Spironolactone,Pipefitter
192,Abstral,Glazier
193,Umcka FastActives Cherry,Concrete Finisher
194,Topical Hemo-Stat,Equipment Operator
195,Pulmo Mercurius Special Order,Safety Officer
196,Amoxicillin,Tile Setter
197,SMART SENSE,Welder
198,cilostazol,Plumber
199,Aire-Master Sanitizer Gel vit e/a,Refridgeration
200,CitraNatal Rx,Brickmason
201,Gabapentin,Equipment Operator
202,PLATANUS OCCIDENTALIS POLLEN,Safety Officer
203,Zolpidem Tartrate,Safety Officer
204,"Pollens - Trees, Birch Mix",Carpenter
205,DR. MERCOLA Sunscreen Broad Spectrum SPF-30,Ironworker
206,Jay-Phyl,Plumber
207,OXYGEN,Refridgeration
208,Hydrocodone Bitartrate And Acetaminophen,Laborer
209,TEMODAR,Landscaper
210,Fenofibrate,Concrete Finisher
211,Head and Shoulders,Welder
212,Lovenox,Plumber
213,bareMinerals Prime Time BB Primer Daily Defense Broad Spectrum SPF 30,Equipment Operator
214,Divalproex sodium,HVAC
215,Treatment Set TS330927,Concrete Finisher
216,Boniva,Laborer
217,Chlorhexidine Gluconate,Waterproofer
218,Anticavity,Carpenter
219,Metolazone,Ironworker
220,VENLAFAXINE HYDROCHLORIDE,Plasterers
221,zzz sleep,Glazier
222,Pancreas Argentum,Tile Setter
223,Imiquimod,Plasterers
224,ARANESP,Sheet Metal Worker
225,Lorzone,Brickmason
226,Green Guard Maximum Non-Aspirin,Linemen
227,Broncotron,Laborer
228,DIETHYLPROPION HYDROCHLORIDE,Stucco Mason
229,Dreumex Omnicare Hand Sanitizer,Plumber
230,miconazole 7,Terrazzo
231,Ortho Cyclen,Safety Officer
232,QUICK AND CLEAN OIL FREE SUN,Pipelayer
233,MOZI-Q,Glazier
234,Protamine Sulfate,Pipefitter
235,"Nicotine Polacrilex, Coated Mint Flavor",Terrazzo
236,KETALAR,Painter
237,Hand Guard Foaming Instant Hand Sanitizer,Pipefitter
238,SohMed Cold Relief,Safety Officer
239,HOME ANTIBACTERIAL,Pipelayer
240,ELIGARD,Terrazzo
241,Povidone Iodine,Painter
242,Ipratropium Bromide,HVAC
243,CD - Dior Multi-perfection Tinted Moisturizer Golden Radiance 2 - SPF 20,Cement Mason
244,Oxycodone Hydrochloride,Pipefitter
245,Kinesys Broad Spectrum SPF 30 Alcohol-Free Performance Sunscreen - Fragrance Free,Pipelayer
246,LBel,Safety Officer
247,REGRANEX,Plasterers
248,supernatural airbrushed canvas broad spectrum spf 15 sunscreen,Sheet Metal Worker
249,Bupivacaine HCl,Linemen
250,Nectarine,Terrazzo
251,DYMISTA,Pipefitter
252,Pramipexole Dihydrochloride,Waterproofer
253,Vitafol-OB Plus DHA,Safety Officer
254,Up and up vagicaine,Plumber
255,FLOVENT,Glazier
256,Irish Spring,Plumber
257,Tizanidine,Carpenter
258,Niacin,Concrete Finisher
259,CIPRODEX,Welder
260,Anticavity,Cement Mason
261,Potassium Chloride in Sodium Chloride,Refridgeration
262,COLIC,Stucco Mason
263,DOUBLE WEAR LIGHT,Sheet Metal Worker
264,Mesna,Plumber
265,Flawless Finish Bare Perfection Makeup SPF 8 Honey,Sheet Metal Worker
266,IBU,Laborer
267,Nutra RX Arnica Pain and Healing,Cement Mason
268,CLEOCIN PHOSPHATE,Landscaper
269,Nausea Vomiting,Painter
270,ESSENTIAL SOLUTION HYALURONIC ACID MASK SHEET,Electrician
271,Acetaminophen And Codeine,HVAC
272,LOSARTAN POTASSIUM AND HYDROCHLOROTHIAZIDE,Equipment Operator
273,buspirone hydrochloride,Terrazzo
274,Dr. Eslee Physical Sunscreen,Plasterers
275,Oxycontin,HVAC
276,CaraDerma,Terrazzo
277,RESCRIPTOR,Pipelayer
278,Morning Fresh,Electrician
279,Cantaloupe,Safety Officer
280,Rivastigmine Tartrate,Waterproofer
281,Hawaiian Tropic,Refridgeration
282,Monodox,Electrician
283,TRAMADOL HYDROCHLORIDE AND ACETAMINOPHEN,Brickmason
284,Doxazosin,Plumber
285,dextroamphetamine sulfate,Electrician
286,Bupropion Hydrochloride,Glazier
287,temazepam,Linemen
288,Donnatal Extentabs,Cement Mason
289,Epsom Salt,Brickmason
290,Tall Ragweed,Linemen
291,Hydroxyzine Hydrochloride,Waterproofer
292,Childrens Mucinex Cough,Glazier
293,Topiramate,Concrete Finisher
294,ck one waterfresh face makeup spf 15,Plasterers
295,Desmopressin Acetate,Ironworker
296,Letrozole,Equipment Operator
297,CHEMICALS,Linemen
298,Degree,Welder
299,Diphenoxylate Hydrochloride and Atropine Sulfate,Glazier
300,Adrenaclick,Pipelayer
301,Skin Dr,Tile Setter
302,TEV-TROPIN,Plasterers
303,Queen Palm,Painter
304,Atorvastatin Calcium,Brickmason
305,Hydralazine Hydrochloride,Plasterers
306,Colocynthis Kit Refill,HVAC
307,ETUDE HOUSE Precious Mineral BB Bright Fit,Plasterers
308,rifampin,Boilermaker
309,Fin McMissie Sun Smacker SPF 24 Vroom Vroom Vanilla,Millwright
310,Adrenal Energy,Refridgeration
311,Trichothecium roseum,Pipelayer
312,Oxygen,Plumber
313,tussin dm,Refridgeration
314,Womens Laxative,Tile Setter
315,Pussy Willow,Landscaper
316,good neighbor pharmacy cold,Cement Mason
317,Terbinafine Hydrochloride,Carpenter
318,Acarbose,Tile Setter
319,Ibuprofen,Linemen
320,NAPROXEN SODIUM,Tile Setter
321,ISOSORBIDE MONONITRATE,Ironworker
322,UNDECYLENIC ACID,Waterproofer
323,nifedipine,Pipelayer
324,Diovan HCT,Terrazzo
325,Cyproheptadine Hydrochloride,Pipefitter
326,Equaline Stay Awake,Electrician
327,Multi-Symptom Menstrual Pain Relief,Pipefitter
328,Oxygen,Carpenter
329,healthy mama,Carpenter
330,Shopko Antibacterial Hand Sanitizer,Pipelayer
331,sunmark enema,Safety Officer
332,womans laxative,Plasterers
333,HELIUM,Linemen
334,Glyburide and Metformin Hydrochloride,Painter
335,Ramipril,Cement Mason
336,pioglitazone hydrochloride,Concrete Finisher
337,Hand Sanitizer,Carpenter
338,Anti-Bacterial Gentle Foaming Hand,Pipefitter
339,Lofibra,Plumber
340,3 CONCEPT EYES SLIM FIT PACT SOFT BEIGE,Linemen
341,IMITREX,Pipefitter
342,Hydrocodone Bitartrate And Acetaminophen,Sheet Metal Worker
343,Knuckle Under Medicated,Equipment Operator
344,Glimepiride,Glazier
345,CARBIDOPA AND LEVODOPA,Safety Officer
346,Insecurity,Cement Mason
347,PureLight,Laborer
348,Sulfamethoxazole and Trimethoprim,Laborer
349,Cilostazol,Refridgeration
350,Nortriptyline Hydrochloride,Linemen
351,Metformin Hydrochloride,Boilermaker
352,Indomethacin,Tile Setter
353,natralia,Millwright
354,Lidocaine Hydrochloride,Terrazzo
355,Colgate,Boilermaker
356,Lisinopril and hydrochlorothiazide,Equipment Operator
357,Zeel,Pipelayer
358,Apricot,Boilermaker
359,BONTRIL,Laborer
360,Venlafaxine Hydrochloride,Laborer
361,Digoxin,Pipefitter
362,Glyburide and Metformin,Plumber
363,PAROXETINE,Brickmason
364,enMotion High Frequency Antimicrobial Foam Handwash,Terrazzo
365,Clindamycin Hydrochloride,Cement Mason
366,ATORVASTATIN CALCIUM,Waterproofer
367,Sodium Bicarbonate,Glazier
368,GAS RELIEF,Sheet Metal Worker
369,Supernatural Poreless Flawless Tinted SPF 15,Linemen
370,infants pain and fever,Concrete Finisher
371,Metformin hydrochloride,Concrete Finisher
372,Anti-Bacterial Gentle Foaming Hand,Plumber
373,Gabapentin,Welder
374,Naftin,Glazier
375,Mary Kay Tinted Moisturizer Sunscreen SPF 20 Ivory 1 (Drug Facts),Linemen
376,Zafirlukast,Welder
377,Glipizide,Concrete Finisher
378,Meropenem,Landscaper
379,Bonine,Glazier
380,Virx,HVAC
381,TERRACOTTA BRONZING MIST WITH SUNSCREEN SPF 10 LIGHT 01,Cement Mason
382,Anti-bacterial Fresh Aloe Hand,Concrete Finisher
383,Fluoxetine,Laborer
384,Supersmile,Refridgeration
385,Daytime Cold and Flu Relief,Plasterers
386,Oxycodone and Acetaminophen,Safety Officer
387,CHAETOMIUM GLOBOSUM,Boilermaker
388,Aptivus,Carpenter
389,Gabapentin,Stucco Mason
390,Xylocaine-MPF,Welder
391,Dill,Landscaper
392,QUIXIN,Concrete Finisher
393,Up and Up nasal decongestant PE,Carpenter
394,BENICAR HCT,Pipefitter
395,Holiday EleganceFrosted GingerbreFrosted Gingerbre,Laborer
396,Biliousness Diarrhea,HVAC
397,Acacia Pollen,Stucco Mason
398,DG Health Maximum Strength Sleep Aid,Tile Setter
399,Levothyroxine Sodium,Landscaper
400,Be gone Scars,Concrete Finisher
401,CAPMIST,Cement Mason
402,Levofloxacin,Electrician
403,QUERCUS ALBA POLLEN,Carpenter
404,Clobetasol Propionate,Electrician
405,Topcare Nicotine,Safety Officer
406,Isosorbide Dinitrate,Carpenter
407,Levothyroxine Sodium,Cement Mason
408,BANANA BOAT,Brickmason
409,MENHIBRIX,Ironworker
410,Anxiety,Equipment Operator
411,Sertraline Hydrochloride,Laborer
412,LANOXIN,Glazier
413,ANTIBACTERIAL,Concrete Finisher
414,Childrens Pain and Fever Acetaminophen,Millwright
415,Metformin Hydrochloride,Landscaper
416,Mirtazapine,Safety Officer
417,Azithromycin,Welder
418,pain and fever,Equipment Operator
419,Mentholatum Natural Ice,Plasterers
420,Neoral,Equipment Operator
421,Ipratropium Bromide,Plasterers
422,Cedar Elm,Electrician
423,Ranitidine,Plumber
424,Agnus castus e sem. 4,Linemen
425,Box Elder,Concrete Finisher
426,Lisinopril and Hydrochlorothiazide,Concrete Finisher
427,CP Dr. Babor Purity Cellular Ultimate Blemish Reducing Cream,Painter
428,MP,Painter
429,Metoclopramide,Cement Mason
430,NARS PURE RADIANT TINTED MOISTURIZER,Linemen
431,ATORVASTATIN CALCIUM,Safety Officer
432,Colgate MaxFresh Fresh Mint,Boilermaker
433,Dicyclomine Hydrochloride,Pipefitter
434,Desloratadine,Terrazzo
435,citroma,Ironworker
436,SENSAI LIP BASE,Sheet Metal Worker
437,Glipizide,HVAC
438,PROcure Psoriapalm,Stucco Mason
439,Menstrual - PMS,Plumber
440,Standardized Sweet Vernal Grass Pollen,Cement Mason
441,Hope In A Jar SPF 25,Waterproofer
442,Midazolam hydrochloride,Pipefitter
443,Natural Advantage SPF 15 All Day Moisture with AHAs,Brickmason
444,VIDEX EC,Landscaper
445,Cystografin,Landscaper
446,HELLO FLAWLESS OXYGEN WOW Broad Spectrum SPF 25 BRIGHTENING MAKEUP - Im So Glamber,Cement Mason
447,Healthy Accents Famotidine,Millwright
448,ATORVASTATIN CALCIUM,Carpenter
449,HydrALAZINE Hydrochloride,Landscaper
450,Nitrogen,Pipelayer
451,Deb InstantFoam Alcohol Sanitizer,Electrician
452,Morphine sulfate,Refridgeration
453,Mobic,Refridgeration
454,Pramipexole Dihydrochloride,Pipelayer
455,PROPRANOLOL HYDROCHLORIDE,Brickmason
456,Haloperidol,HVAC
457,NON-DROWSY DAYTIME SINUS RELIEF,Refridgeration
458,Ultimate High IGF 1 IGF 2,Stucco Mason
459,SHISEIDO PERFECT REFINING FOUNDATION,Pipefitter
460,Fluconazole,Welder
461,Citalopram,Terrazzo
462,Fenofibrate,Cement Mason
463,Clonazepam,Safety Officer
464,Methocarbamol,Stucco Mason
465,Atenolol,Carpenter
466,Vaccination - Illness Assist,HVAC
467,Benazepril hydrochloride and hydrochlorothiazide,Millwright
468,Glipizide,Refridgeration
469,Good Sense Night Time,Landscaper
470,LIGHTFUL C SPF 30 WITH RADIANCE BOOSTER BROAD SPECTRUM SPF 30,Laborer
471,Isosorbide Dinitrate,Refridgeration
472,SHISEIDO SUN PROTECTION FOUNDATION,Carpenter
473,Ibuprofen,Electrician
474,Treatment Set TS335657,Stucco Mason
475,Triaminic,Electrician
476,Sertraline Hydrochloride,Concrete Finisher
477,Duloxetine,Tile Setter
478,Western Family Hemorrhoidal,Brickmason
479,good neighbor pharmacy childrens pain relief plus,Landscaper
480,"BUTALBITAL, ACETAMINOPHEN AND CAFFEINE",Laborer
481,SHISEIDO SUN PROTECTION COMPACT FOUNDATION (REFILL),Laborer
482,Wheat Bunt,Safety Officer
483,Metaxalone,Plasterers
484,Dr.eslee Sun Protection,Carpenter
485,Garnier Nutritioniste Skin Renew,Pipefitter
486,Headache,Millwright
487,migraine relief,Terrazzo
488,Ketorocaine LM Kit,Glazier
489,Stay Awake,Laborer
490,CareOne Pain Relief,Brickmason
491,Acetaminophen and Codeine Phosphate,Plumber
492,Ulta Mandarin Mint Anti-Bacterial Gentle Foaming,Welder
493,Gas Relief,HVAC
494,Fluoxetine Hydrochloride,HVAC
495,Children Coldcalm,Safety Officer
496,HYDROCODONE BITARTRATE AND ACETAMINOPHEN,Laborer
497,Anastrozole,Laborer
498,VERAPAMIL HYDROCHLORIDE,Concrete Finisher
499,Effexor,Terrazzo
500,Gabapentin,Brickmason
501,Personal Care Ice Cold,Ironworker
502,Choline C 11,Safety Officer
503,Leader Arthritis Pain Reliever,Electrician
504,good sense tussin dm,Plumber
505,Solu-Medrol,Cement Mason
506,Lagicam,Pipelayer
507,Synthroid,Refridgeration
508,Universaltox,Boilermaker
509,Dr. Blue,Plasterers
510,Antiseptic Mouth Rinse,Equipment Operator
511,Zilactin-B,HVAC
512,Dulcamara comp.,Waterproofer
513,Metoprolol succinate,Sheet Metal Worker
514,Promethazine Hydrochloride,Welder
515,"butalbital, acetaminophen and caffeine",Cement Mason
516,NIVEA A Kiss of Smoothness Hydrating Lip Care,Boilermaker
517,Hyrdomorphone Hydrochloride,Concrete Finisher
518,Propylthiouracil,Concrete Finisher
519,Lucky Supersoft Antibacterial,Welder
520,TopCare day time severe cold and cough,Boilermaker
521,anti-bacterial foaming,Glazier
522,Appetite - Craving Control,Safety Officer
523,Metoprolol Tartrate,Linemen
524,triamcinolone acetonide,Laborer
525,Metronidazole,Terrazzo
526,Anastrozole,Pipelayer
527,Tussin DM,Brickmason
528,Doxorubicin Hydrochloride,Landscaper
529,SymlinPen,Electrician
530,Atorvastatin Calcium,Waterproofer
531,Lansoprazole,Landscaper
532,Selsun Blue Medicated,Terrazzo
533,Atenolol,Linemen
534,SSD,Millwright
535,Next Choice,Tile Setter
536,Headache,Landscaper
537,Carvedilol,Brickmason
538,Mepivacaine Hydrochloride,Pipelayer
539,WHITE CAVIAR ILLUMINATING HAND SUNSCREEN BROAD SPECTRUM SPF 15,Plasterers
540,Doxycycline,Brickmason
541,PRENATAL PLUS,Equipment Operator
542,Birch,Sheet Metal Worker
543,Red Snapper,Plasterers
544,Aromafields Tiger Lily Scented Antibacterial Hand Wash,Millwright
545,Loratadine D,Pipelayer
546,Smart Sense nasal decongestant pe,Millwright
547,RevitaDERM Wound Care,Refridgeration
548,Antacid,Boilermaker
549,Instant Hand Sanitizer,Waterproofer
550,Flagyl,Laborer
551,PredniSONE,Safety Officer
552,Pedia-Lax,Linemen
553,Sodium Chloride,Equipment Operator
554,diphenhydramine hydrochloride,Carpenter
555,Metformin Hydrochloride,Painter
556,Aquilinum Taraxicum,Equipment Operator
557,Pink Grapefruit,Waterproofer
558,Valacyclovir Hydrochloride,Electrician
559,AMLODIPINE BESYLATE,Tile Setter
560,Alba Sunblock Natural FF SPF 30,Tile Setter
561,Chaetomium,Plumber
562,Tiny Cold,Equipment Operator
563,Meloxicam,Ironworker
564,Biaxin,HVAC
565,Pleo Pef,Pipefitter
566,cough,Equipment Operator
567,Doxepin Hydrochloride,Plasterers
568,Hoarse Cough,Millwright
569,valsartan and hydrochlorothiazide,Linemen
570,Gabapentin,Pipefitter
571,Mi-Acid Gas Relief,Terrazzo
572,LenzaGel,Pipelayer
573,Kali bichromicum,Plasterers
574,Bodycology,Electrician
575,HUSKY 510 Anti-Microbial Food Service Hand Cleaner,Pipefitter
576,Metformin Hydrochloride,Refridgeration
577,ibuprofen,Safety Officer
578,Hydrocortisone,HVAC
579,PediaCare Infants Gas Relief Dye Free,Laborer
580,Fluvoxamine Maleate,Laborer
581,Fair and Square Antibacterial with Moisturizers,Plasterers
582,Donnatal Extentabs,Refridgeration
583,Fresh Soy Moisturizing SPF 20,Refridgeration
584,MDSolarSciences,Sheet Metal Worker
585,Treatment Set TS349291,Carpenter
586,XtraCare Anti-Dandruff Conditioner,Millwright
587,SAFEWAY CARE,Safety Officer
588,Oxycodone Hydrochloride,Terrazzo
589,Neomycin and Polymyxin B Sulfates and Hydrocortisone,Safety Officer
590,ARIXTRA,Concrete Finisher
591,4 in 1 Pressed Mineral SPF 15 Tan,Glazier
592,Walgreens Sunscreen Sport,Stucco Mason
593,PRED-G,HVAC
594,povidine iodine,Terrazzo
595,QUERCUS AGRIFOLIA POLLEN,Welder
596,Volcano Power,Plumber
597,Maximum Strength Allergy Sinus,Concrete Finisher
598,ASSURED NASAL RELIEF ORIGINAL,Tile Setter
599,Hawaiian Tropic Sheer Touch SPF 30,Carpenter
600,Ropinirole Hydrochloride,Safety Officer
601,Amitriptyline Hydrochloride,Cement Mason
602,Q Tussin DM,Painter
603,Hydroxyzine Hydrochloride,Stucco Mason
604,MUCOR PLUMBEUS,Electrician
605,Terrestristat,Refridgeration
606,Good Sense Tussin CF,Tile Setter
607,Rocky Mountain Sunscreen,Linemen
608,ANUCORT-HC,Brickmason
609,Milk of Magnesia Original,Safety Officer
610,SPORANOX,Pipefitter
611,Motion Sickness,Welder
612,Metformin Hydrochloride,Sheet Metal Worker
613,Treatment Set TS331150,Carpenter
614,SUNZONE KIDS SPF 60,Glazier
615,Pleo Lat,HVAC
616,Suave Men Sport,Ironworker
617,Alcohol Prep Pad,Equipment Operator
618,CHLORDIAZEPOXIDE HYDROCHLORIDE and CLIDINIUM BROMIDE,Safety Officer
619,care one ibuprofen,Equipment Operator
620,ELYMUS REPENS POLLEN,Plumber
621,Lidocaine Hydrochloride and Epinephrine,Refridgeration
622,EQUALINE,Cement Mason
623,Glyburide,Painter
624,Orphenadrine Citrate,Glazier
625,Citalopram,Pipefitter
626,DiorSnow White Reveal UV Shield Loose Powder Snowy White 001,Pipefitter
627,acyclovir,Brickmason
628,Phenylephrine Hydrochloride,Safety Officer
629,everyone Hand Sanitizer,Equipment Operator
630,Simvastatin,Waterproofer
631,Mucus Relief DM,Brickmason
632,AHAVA ACTIVE DEADSEA MINERALS,Glazier
633,CETIRIZINE HYDROCHLORIDE,Carpenter
634,Sleep Aid,Tile Setter
635,Azithromycin,Cement Mason
636,AMARYL,Welder
637,Hydroxyzine Hydrochloride,HVAC
638,Luxury Antibacterial Foaming,Boilermaker
639,Accupril,Terrazzo
640,Clonidine Hydrochloride,Sheet Metal Worker
641,SoundBody Long Lasting Lubricant,Stucco Mason
642,Armour Thyroid,Electrician
643,PURELL Advanced Skin Nourishing Instant Hand Sanitizer,Glazier
644,Colgate,Terrazzo
645,Armodafinil,Boilermaker
646,BETHANECHOL CHLORIDE,Equipment Operator
647,Medi-First Burn,Concrete Finisher
648,Zosyn,Electrician
649,LORAZEPAM,Tile Setter
650,Carbamazepine,Plasterers
651,Cepacol Sore Throat Regular Strength,Ironworker
652,Humulin R,Painter
653,Zolpidem Tartrate,HVAC
654,Clonidine Hydrochloride,Brickmason
655,Cephalexin,Millwright
656,LBEL NATURAL FINISH MOISTURIZING FOUNDATION SPF 25,Welder
657,Sodium Bicarbonate,Waterproofer
658,Levothyroxine Sodium,Brickmason
659,healthy accents allergy,Painter
660,LANEIGE MYSTIC VEIL FOUNDATION,Plumber
661,Doxazosin,Laborer
662,Morphine sulfate,Equipment Operator
663,TOURCIA NUTRI,Ironworker
664,ESIKA HD COLOR HIGH DEFINITION COLOR SPF 20,Electrician
665,MENOMUNE - A/C/Y/W-135 COMBINED,Tile Setter
666,RED GINSENG FERMENTED SUN,Plasterers
667,Alprazolam,Concrete Finisher
668,Aveeno Active Naturals Skin Relief Moisturizing,Boilermaker
669,Fluoxetine Hydrochloride,Waterproofer
670,Pineapple Orange Antibacterial Foaming Hand Wash,Pipelayer
671,Citalopram,Plasterers
672,Buspirone Hydrochloride,Boilermaker
673,Dovonex,Plumber
674,Warfarin Sodium,Plumber
675,Calcitriol,Cement Mason
676,Quinapril,Ironworker
677,Docetaxel,Refridgeration
678,Fresh Lime Antibacterial Foaming Hand Wash,Waterproofer
679,safeHands Squirts,Concrete Finisher
680,Terrasil S.O.S. Formula,Brickmason
681,Citalopram Hydrobromide,Landscaper
682,Pitch Pine,Landscaper
683,Doxazosin,HVAC
684,Follistim AQ,Cement Mason
685,calcipotriene,Sheet Metal Worker
686,HYDROCODONE BITARTRATE AND ACETAMINOPHEN,Terrazzo
687,Captopril and Hydrochlorothiazide,Pipefitter
688,Skin Caviar Concealer Foundation SPF 15 - Porcelaine Blush,Ironworker
689,Muscle Ease,Brickmason
690,3M Cavilon Antifungal,Landscaper
691,Mirtazapine,Safety Officer
692,Atomoxetine Hydrochloride,Cement Mason
693,Sinus Pressure,Carpenter
694,Levetiracetam,Welder
695,ACONITUM FEROX,Sheet Metal Worker
696,RUE 21 Sugar Cookie Anti Bacterial Hand Sanitizer,Concrete Finisher
697,Pier 1 Imports Sugared Plum Anti-Bacterial Hand Sanitizer,HVAC
698,Carvedilol,Laborer
699,Ritalin,Boilermaker
700,KROGER,Laborer
701,MOMETASONE FUROATE,Laborer
702,BZK Cleansing,Stucco Mason
703,Sucralfate,Brickmason
704,REQUIP,Stucco Mason
705,Symax FasTab,Millwright
706,CitraNatal Assure,Sheet Metal Worker
707,Orajel Instant Pain Relief,Glazier
708,Gemcitabine Hydrochloride,Concrete Finisher
709,Piperacillin and Tazobactam,Painter
710,Lovastatin,Brickmason
711,in control nicotine,Safety Officer
712,Sage,Refridgeration
713,NAPROXEN,Terrazzo
714,"Molds, Rusts and Smuts, Helminthosporium interseminatum",Stucco Mason
715,AZITHROMYCIN,Carpenter
716,Fiber Therapy Orange Flavor,Pipelayer
717,Hangover Relief,Stucco Mason
718,ziprasidone hydrochloride,Tile Setter
719,Cutivate,Concrete Finisher
720,Adderall,Linemen
721,Ciprofloxacin,Refridgeration
722,Recens A,Cement Mason
723,Ibuprofen,Boilermaker
724,AMOXICILLIN,Sheet Metal Worker
725,Benazepril Hydrochloride,Landscaper
726,Adren Aid,Linemen
727,Topcare Sinus Congestion and Pain,Pipelayer
728,Rimmel London,Pipefitter
729,Antibacterial Wet Wipes,Safety Officer
730,Azithromycin,Cement Mason
731,Metoclopramide Hydrochloride,Pipefitter
732,VENLAFAXINE HYDROCHLORIDE,Cement Mason
733,Gemfibrozil,Pipelayer
734,Zee Pain Aid,Terrazzo
735,AIM TARTAR CONTROL,Cement Mason
736,Afeditab,Electrician
737,Atenolol and Chlorthalidone,Welder
738,Cephalexin,Linemen
739,BENZOCAINE and RESORCINOL,Landscaper
740,MARVEL ULTIMATE SPIDER-MAN ANTISEPTIC HAND CLEANSING BERRY SCENTED,Carpenter
741,Cephalexin,Plumber
742,RANITIDINE,Sheet Metal Worker
743,DAYTIME NIGHTTIME COLD/FLU,Waterproofer
744,Chapstick Moisturizer Raspberry Creme,Laborer
745,Paroxetine,Pipelayer
746,Thyreoidea Compositum,Equipment Operator
747,Valsartan and hydrochlorothiazide,Landscaper
748,Western Family Baby Broad Spectrum Sunscreen,Tile Setter
749,EARACHE RELIEF,Plasterers
750,Clotrimazole,Ironworker
751,Arizona Ash,Tile Setter
752,good sense migraine formula,Pipefitter
753,Oxygen,Painter
754,XtraCare Dry Fresh Invisible Solid,Tile Setter
755,Alphanate,Refridgeration
756,METOPROLOL SUCCINATE,Ironworker
757,Estradiol,Concrete Finisher
758,Oxygen,Brickmason
759,Secret,HVAC
760,ARTHRI-SUPPORT,Terrazzo
761,Mercurialis Calendula Healing,Welder
762,Warfarin Sodium,Painter
763,Olanzapine,Boilermaker
764,Colgate Max Clean,Plumber
765,Isoniazid,Concrete Finisher
766,"Standardized Grass Pollen, Ryegrass",Refridgeration
767,Levothyroxine Sodium,Pipefitter
768,CLEAR UP Prep,Welder
769,UNASYN,Terrazzo
770,Carvedilol,Sheet Metal Worker
771,Flecainide Acetate,Brickmason
772,Meaningful Beauty Cindy Crawford Antioxidant,Waterproofer
773,Meclizine Hydrochloride,Carpenter
774,ESIKA,Safety Officer
775,Gabapentin,Brickmason
776,Family Care Hemorrhoidal,HVAC
777,ZOMIG,Pipelayer
778,Careone Original Strength Triple Antibiotic,Cement Mason
779,Promethazine Hydrochloride,Glazier
780,Duck Meat,Waterproofer
781,clear laxative,Electrician
782,Oxygen,Electrician
783,Quik-Care,Concrete Finisher
784,Acyclovir,Millwright
785,Hydrocortisone,Electrician
786,Terbutaline Sulfate,Sheet Metal Worker
787,Nitrofurantoin (macrocrystals),Welder
788,GEMCITABINE HYDROCHLORIDE,Concrete Finisher
789,GUNA-IL 10,Terrazzo
790,Tussin Cough DM,Equipment Operator
791,Passion Flower Antibacterial Foaming Hand Wash,Glazier
792,miconazole 1,Welder
793,Moist SURE,Brickmason
794,Titralac,Landscaper
795,Midodrine HCl,Safety Officer
796,Doxycycline Hyclate,Cement Mason
797,T.R.U.E. Test,Waterproofer
798,Glyburide and Metformin,Waterproofer
799,Vichy Laboratoires Capital Soleil 30 Broad Spectrum SPF 30 Sunscreen Luxurious Protective,Painter
800,Glytone skin bleaching fading,Safety Officer
801,Lice Treatment,Waterproofer
802,LBEL COULEUR LUXE AMPLIFIER XP,Boilermaker
803,HEB Dandruff,Plumber
804,CYPROHEPTADINE,Landscaper
805,Salt Cedar,HVAC
806,HYCAMTIN,Pipefitter
807,Indigo Carmine,Stucco Mason
808,7 Select Childrens Ibuprofen,Plasterers
809,Fludarabine Phosphate,HVAC
810,Grain and Seed Antigens,Waterproofer
811,Zap APF,Painter
812,Coppertone kids,Terrazzo
813,Hydrocortisone Maximum Strength with Aloe,Welder
814,Bethanechol Chloride,Electrician
815,good neighbor pharmacy loratadine,Refridgeration
816,OHM Endocrine Feminine Terrain,Laborer
817,Depression - Mood Support,Ironworker
818,Amoxicillin,Safety Officer
819,PINUS STROBUS POLLEN,Tile Setter
820,OXYCODONE HYDROCHLORIDE,Pipelayer
821,miconazole 7,Linemen
822,Nighttime Sleep Aid,Pipefitter
823,CLE DE PEAU BEAUTE CREAM COMPACT FOUNDATION,Painter
824,Oxcarbazepine,Ironworker
825,Labetalol HCl,Carpenter
826,Garnier Ultra Lift Deep Wrinkle Intensive Day,Linemen
827,flawless by Sonya aloe BB creme NUDE SPF 20 Sunscreen,Carpenter
828,Flarex,HVAC
829,Pleo Ex,Millwright
830,False Ragweed,Cement Mason
831,Listerine Cool Mint Antiseptic,Plumber
832,LBEL EFFET PARFAIT Spots Reducing Effect Foundation SPF 18 - CLAIRE 2,Plasterers
833,All Day Allergy,HVAC
834,Modafinil,Electrician
835,Fluconazole,Stucco Mason
836,ziprasidone hydrochloride,Plasterers
837,Felodipine,Linemen
838,"Butalbital, Acetaminophen, and Caffeine",Ironworker
839,Trokendi XR,Laborer
840,English Plantain,HVAC
841,Captopril,Concrete Finisher
842,Topex,Equipment Operator
843,Dacogen,Boilermaker
844,INDOMETHACIN,Plumber
845,SHISEIDO ADVANCED HYDRO-LIQUID COMPACT (REFILL),Equipment Operator
846,hydrocodone bitartrate and acetaminophen,Equipment Operator
847,Inspired by Color,Carpenter
848,Water-Jel Neomycin Antibiotic,Plumber
849,Ferrlecit,Brickmason
850,Cyclobenzaprine Hydrochloride,Pipefitter
851,Heparin Sodium,Millwright
852,AMITRIPTYLINE HYDROCHLORIDE,Carpenter
853,NICOTINE,Carpenter
854,Acyclovir,Safety Officer
855,Colgate Fresh Mint,Linemen
856,PAUL AND JOE SILKY SMOOTH FOUNDATION UV 100,HVAC
857,Ramipril,Electrician
858,Spatheraphy,Welder
859,Moist SURE,Stucco Mason
860,Ferrous Sulfate,Safety Officer
861,Hydrogen Peroxide,Pipelayer
862,Primlev,Cement Mason
863,Chenopodium Mixture,Refridgeration
864,Miconazole 3,Terrazzo
865,Aire-Master,Landscaper
866,Azathioprine,Laborer
867,Oxygen,Terrazzo
868,Methocarbamol,Plumber
869,Mucus Relief,Plasterers
870,Nighttime,HVAC
871,Misoprostol,Linemen
872,Trazodone Hydrochloride,Electrician
873,CD DIORSKIN NUDE SKIN-GLOWING MAKEUP SUNSCREEN BROAD SPECTRUM SPF 15 010 Ivory,Refridgeration
874,Gnaphalium Stannum,Stucco Mason
875,"Pollens - Trees, Sycamore, American (Eastern) Platanus occidentallis",Refridgeration
876,Lipitor,Plumber
877,all day relief,Brickmason
878,Lip Balm Vanilla,Tile Setter
879,DELFLEX,Stucco Mason
880,Hepar Magnesium 6 Special Order,Painter
881,Reguloid,Plasterers
882,Irbesartan,Millwright
883,Ivory Oil Controlling Makeup Broad Spectrum SPF 15,Equipment Operator
884,FLUOXETINE,Stucco Mason
885,Ziprasidone hydrochloride,Welder
886,Captopril and Hydrochlorothiazide,Waterproofer
887,Hydrochlorothiazide,Glazier
888,health mart nasal,Concrete Finisher
889,RheumatismHP,Glazier
890,Betamethasone Dipropionate,Ironworker
891,HCG Plus,Laborer
892,Gemfibrozil,Glazier
893,Olanzapine,Pipelayer
894,Midodrine Hydrochloride,Safety Officer
895,Isopropyl Rubbing Alcohol,Sheet Metal Worker
896,Allopurinol,Glazier
897,Medique Chlorphen,Tile Setter
898,Eye Allergy Relief,Equipment Operator
899,Pedesil,HVAC
900,ONDANSETRON HYDROCHLORIDE,Glazier
901,"Dextroamphetamine Saccharate, Amphetamine Aspartate, Dextroamphetamine Sulfate and Amphetamine Sulfate",Landscaper
902,Solaraze,Safety Officer
903,EROS RELAX,Laborer
904,health mart acid reducer,Ironworker
905,Members Mark Acetaminophen,Painter
906,Etodolac,Welder
907,Hydroxyzine Hydrochloride,HVAC
908,Parrot Head Floridays Face 50,Stucco Mason
909,Enalapril Maleate and Hydrochlorothiazide,Tile Setter
910,leflunomide,Glazier
911,eye itch relief,Boilermaker
912,Sore Throat,Refridgeration
913,Tranexamic Acid,Tile Setter
914,Betamethasone Dipropionate,HVAC
915,ONDANSETRON,Painter
916,The Cover Classic Soft Foundation,Equipment Operator
917,Levothyroxine Sodium,Refridgeration
918,Chlorothiazide,Tile Setter
919,in control nicotine,Landscaper
920,Lorazepam,Concrete Finisher
921,09 Balancing Foundation,Waterproofer
922,Noble S Plus,Concrete Finisher
923,Prostate Symptom Relief,Electrician
924,Sheep Sorrel,Glazier
925,Treatment Set TS348490,Boilermaker
926,Diclofenac Potassium,Glazier
927,nasal,Stucco Mason
928,Leukine,Cement Mason
929,Sulfamethoxazole and Trimethoprim,Carpenter
930,Meropenem,Brickmason
931,Resinol,Brickmason
932,ANTIBACTERIAL HAND SOAP,Laborer
933,Ascorbic Acid,Glazier
934,ropinirole hydrochloride,Pipefitter
935,Phenylephrine Hydrochloride,Safety Officer
936,BaniFlu,Pipefitter
937,Zenchent,Painter
938,Laxative,Welder
939,Lidocaine Hydrochloride,Tile Setter
940,Sulfamethoxazole and Trimethoprim,Boilermaker
941,Omeprazole,Brickmason
942,Anti-Bacterial Hand,Glazier
943,PredniSONE,Laborer
944,Midazolam hydrochloride,Ironworker
945,Acetaminophen,Laborer
946,"Dextroamphetamine saccharate, amphetamine aspartate, dextroamphetamine sulfate, and amphetamine sulfate",Carpenter
947,Salinaax,Stucco Mason
948,Lubas,Laborer
949,Fentanyl Citrate,Pipefitter
950,Poison Ivy,Brickmason
951,expectorant,Glazier
952,babies r us infants pain and fever,Millwright
953,ASTHMA,Safety Officer
954,TEMAZEPAM,Waterproofer
955,"Polyethylene Glycol-3350, Sodium Chloride, Potassium Chloride and Sodium Bicarbonate",Painter
956,Cultivated Wheat,Carpenter
957,Venlafaxine,Refridgeration
958,Micardis,Linemen
959,DERMACLAIR SKIN LIGHTENING,Stucco Mason
960,Headache,Tile Setter
961,Metformin Hydrochloride,Ironworker
962,Carbamazepine,Laborer
963,Lamotrigine,Brickmason
964,Clindamycin Hydrochloride,Terrazzo
965,Belladonna,Landscaper
966,Paroxetine,Glazier
967,"Dextroamphetamine saccharate, amphetamine aspartate, dextroamphetamine sulfate, and amphetamine sulfate",Pipelayer
968,"Dextroamphetamine Saccharate, Amphetamine Aspartate, Dextroamphetamine Sulfate and Amphetamine Sulfate",Pipefitter
969,Zosyn,Equipment Operator
970,Doxazosin mesylate,Carpenter
971,Tri-Vit with Fluoride Drops,Carpenter
972,Adderall,Waterproofer
973,Nitroglycerin Transdermal Delivery System,Plasterers
974,ROPINIROLE HYDROCHLORIDE,Boilermaker
975,Etodolac,Sheet Metal Worker
976,Dental Care Advance Cleaning,Electrician
977,ASSURED ORIGINAL RELIEF EYE,Plasterers
978,Formucare Athletes Foot,Electrician
979,QUINCE WHITENING SUN,Refridgeration
980,Gentle Laxative,Pipelayer
981,Atenolol,Landscaper
982,Kirkland Signature Aller Tec D,Linemen
983,Lemon Quartz,Concrete Finisher
984,Ciprofloxacin,Millwright
985,ROBITUSSIN NIGHT TIME COUGH AND COLD,Plasterers
986,Ribasphere,Safety Officer
987,American Elm,Boilermaker
988,fexo fenadine,Plasterers
989,Lisinopril,Cement Mason
990,ALL DAY RELIEF,Landscaper
991,Gillette Sport Clear,Plumber
992,X Viate,Refridgeration
993,GRAPEFRUIT,Brickmason
994,CHANTECAILLE PROTECTION NATURELLE BRONZE Refill SPF 46,Ironworker
995,Seoul Propolia,Millwright
996,Doxorubicin Hydrochloride,Carpenter
997,Alagesic,Boilermaker
998,divalproex sodium,Carpenter
999,Hydralazine Hydrochloride,Pipefitter
1000,Vibra-Tabs,Plasterers
