typ_sprzetu_id,opis
1,reinvent out-of-the-box bandwidth
2,facilitate cross-media markets
3,expedite efficient interfaces
4,synthesize distributed communities
5,engage 24/365 bandwidth
6,whiteboard innovative communities
7,mesh sexy bandwidth
8,syndicate sticky experiences
9,mesh e-business synergies
10,innovate impactful action-items
11,deploy strategic interfaces
12,deploy granular schemas
13,revolutionize mission-critical systems
14,architect strategic infomediaries
15,monetize synergistic systems
16,recontextualize strategic content
17,recontextualize holistic functionalities
18,synthesize distributed systems
19,iterate holistic portals
20,target transparent channels
21,transition frictionless partnerships
22,strategize clicks-and-mortar web services
23,reintermediate global users
24,expedite real-time ROI
25,scale plug-and-play niches
26,innovate cutting-edge platforms
27,embrace web-enabled e-services
28,syndicate clicks-and-mortar users
29,expedite plug-and-play models
30,revolutionize clicks-and-mortar partnerships
31,monetize B2B architectures
32,enhance revolutionary systems
33,architect plug-and-play models
34,enhance clicks-and-mortar web-readiness
35,utilize efficient models
36,seize plug-and-play synergies
37,reinvent bricks-and-clicks eyeballs
38,visualize robust markets
39,productize end-to-end bandwidth
40,orchestrate wireless experiences
41,orchestrate front-end niches
42,utilize out-of-the-box mindshare
43,optimize cross-platform content
44,reinvent strategic technologies
45,matrix B2B interfaces
46,embrace magnetic architectures
47,harness synergistic niches
48,monetize user-centric e-markets
49,extend 24/7 synergies
50,transform out-of-the-box deliverables
51,strategize customized convergence
52,enable granular models
53,scale leading-edge networks
54,target world-class communities
55,reinvent synergistic ROI
56,recontextualize virtual metrics
57,envisioneer viral solutions
58,syndicate global schemas
59,evolve viral models
60,unleash holistic metrics
61,unleash turn-key e-commerce
62,reintermediate vertical action-items
63,leverage vertical niches
64,aggregate cross-media initiatives
65,engage compelling users
66,integrate distributed metrics
67,implement open-source markets
68,harness world-class mindshare
69,envisioneer clicks-and-mortar e-business
70,productize visionary channels
71,engage virtual web-readiness
72,maximize customized e-services
73,visualize holistic communities
74,engineer value-added supply-chains
75,integrate B2B functionalities
76,synergize turn-key e-services
77,reintermediate dynamic supply-chains
78,empower compelling users
79,grow dynamic channels
80,streamline sexy markets
81,mesh innovative markets
82,recontextualize plug-and-play partnerships
83,expedite bricks-and-clicks e-services
84,harness synergistic e-markets
85,enhance interactive e-markets
86,orchestrate 24/7 technologies
87,repurpose integrated web services
88,deploy B2C e-services
89,evolve revolutionary supply-chains
90,benchmark compelling partnerships
91,target enterprise systems
92,empower magnetic architectures
93,generate distributed markets
94,matrix robust convergence
95,maximize extensible methodologies
96,aggregate real-time partnerships
97,transform world-class systems
98,leverage mission-critical applications
99,mesh one-to-one systems
100,deploy plug-and-play e-tailers
101,aggregate revolutionary vortals
102,monetize killer experiences
103,deliver customized technologies
104,empower dynamic channels
105,embrace synergistic vortals
106,grow customized markets
107,architect innovative functionalities
108,matrix transparent deliverables
109,extend wireless networks
110,incentivize sexy functionalities
111,reinvent back-end solutions
112,evolve killer applications
113,incentivize cross-media eyeballs
114,e-enable B2C experiences
115,engineer ubiquitous e-commerce
116,productize cross-platform portals
117,empower front-end content
118,enable efficient initiatives
119,synthesize out-of-the-box eyeballs
120,deliver clicks-and-mortar mindshare
121,harness B2C schemas
122,evolve plug-and-play infrastructures
123,utilize synergistic synergies
124,engage back-end convergence
125,architect back-end paradigms
126,grow value-added e-commerce
127,orchestrate innovative mindshare
128,benchmark mission-critical platforms
129,strategize out-of-the-box metrics
130,mesh global action-items
131,incentivize back-end vortals
132,enable best-of-breed eyeballs
133,cultivate leading-edge channels
134,orchestrate end-to-end convergence
135,expedite wireless models
136,seize web-enabled deliverables
137,envisioneer plug-and-play methodologies
138,expedite compelling niches
139,target revolutionary e-markets
140,scale user-centric infomediaries
141,utilize dot-com eyeballs
142,harness strategic platforms
143,optimize rich bandwidth
144,revolutionize robust portals
145,orchestrate dynamic applications
146,maximize collaborative networks
147,evolve real-time web-readiness
148,morph strategic synergies
149,engineer clicks-and-mortar e-business
150,reintermediate best-of-breed e-tailers
151,transition value-added mindshare
152,transition sexy vortals
153,redefine rich metrics
154,revolutionize real-time niches
155,cultivate leading-edge niches
156,monetize global methodologies
157,enable dynamic systems
158,optimize sticky solutions
159,architect real-time portals
160,enhance sexy infrastructures
161,synthesize e-business schemas
162,embrace transparent web-readiness
163,disintermediate seamless architectures
164,redefine customized deliverables
165,redefine front-end web-readiness
166,reinvent wireless niches
167,recontextualize collaborative systems
168,generate killer content
169,utilize innovative metrics
170,embrace holistic convergence
171,aggregate sexy infrastructures
172,synthesize out-of-the-box action-items
173,redefine back-end interfaces
174,reintermediate dynamic relationships
175,aggregate cross-platform niches
176,incubate best-of-breed experiences
177,orchestrate end-to-end synergies
178,evolve compelling niches
179,mesh dynamic relationships
180,scale scalable e-tailers
181,empower seamless synergies
182,grow distributed markets
183,facilitate web-enabled synergies
184,transition leading-edge networks
185,drive sticky applications
186,strategize open-source e-commerce
187,extend strategic paradigms
188,deploy B2B synergies
189,productize wireless synergies
190,grow transparent channels
191,reinvent killer models
192,revolutionize one-to-one eyeballs
193,maximize end-to-end systems
194,generate cross-platform networks
195,revolutionize cross-platform markets
196,monetize user-centric experiences
197,reintermediate interactive deliverables
198,mesh open-source vortals
199,redefine mission-critical action-items
200,recontextualize frictionless e-tailers
201,disintermediate sexy convergence
202,evolve viral applications
203,unleash real-time ROI
204,deliver mission-critical experiences
205,implement strategic channels
206,harness sticky communities
207,synergize distributed initiatives
208,exploit front-end web-readiness
209,extend viral e-tailers
210,iterate robust deliverables
211,monetize transparent e-commerce
212,matrix clicks-and-mortar channels
213,reinvent mission-critical methodologies
214,exploit transparent deliverables
215,reintermediate next-generation supply-chains
216,leverage turn-key action-items
217,optimize B2B communities
218,iterate cross-media content
219,streamline 24/7 synergies
220,enable revolutionary portals
221,iterate clicks-and-mortar web services
222,cultivate B2B markets
223,envisioneer efficient e-commerce
224,enable leading-edge platforms
225,integrate intuitive synergies
226,revolutionize wireless e-tailers
227,maximize bleeding-edge deliverables
228,monetize proactive users
229,envisioneer value-added web services
230,generate best-of-breed e-business
231,architect integrated paradigms
232,innovate visionary mindshare
233,implement granular synergies
234,optimize dot-com niches
235,seize best-of-breed bandwidth
236,streamline magnetic platforms
237,embrace holistic niches
238,recontextualize bleeding-edge architectures
239,syndicate sexy partnerships
240,productize proactive e-commerce
241,synergize visionary initiatives
242,whiteboard wireless e-markets
243,brand 24/7 interfaces
244,deploy holistic e-tailers
245,cultivate B2B supply-chains
246,maximize clicks-and-mortar relationships
247,utilize out-of-the-box communities
248,facilitate user-centric web-readiness
249,innovate integrated functionalities
250,embrace bricks-and-clicks action-items
251,orchestrate virtual portals
252,mesh transparent systems
253,embrace user-centric networks
254,mesh holistic web-readiness
255,maximize end-to-end applications
256,reintermediate 24/7 content
257,evolve interactive relationships
258,transform sticky e-tailers
259,orchestrate open-source e-services
260,extend granular infrastructures
261,evolve turn-key channels
262,strategize 24/7 experiences
263,incubate transparent applications
264,implement proactive schemas
265,transform bricks-and-clicks experiences
266,cultivate end-to-end portals
267,implement one-to-one eyeballs
268,unleash strategic ROI
269,brand magnetic interfaces
270,synthesize e-business markets
271,utilize cross-platform bandwidth
272,matrix transparent markets
273,orchestrate world-class networks
274,reinvent back-end models
275,iterate real-time functionalities
276,visualize front-end schemas
277,incubate global synergies
278,target robust action-items
279,unleash vertical paradigms
280,enable compelling functionalities
281,enable rich bandwidth
282,incentivize best-of-breed content
283,morph frictionless niches
284,integrate visionary e-tailers
285,orchestrate virtual systems
286,cultivate e-business synergies
287,reintermediate 24/7 systems
288,exploit seamless action-items
289,engage back-end infomediaries
290,incentivize seamless markets
291,strategize integrated architectures
292,enable strategic infomediaries
293,engineer 24/365 niches
294,harness leading-edge e-services
295,optimize extensible communities
296,target impactful eyeballs
297,exploit world-class e-tailers
298,cultivate sexy interfaces
299,integrate ubiquitous bandwidth
300,synthesize open-source systems
301,integrate innovative ROI
302,orchestrate bleeding-edge initiatives
303,reintermediate sticky users
304,leverage seamless portals
305,integrate next-generation architectures
306,harness leading-edge portals
307,mesh viral niches
308,embrace visionary systems
309,streamline scalable content
310,generate granular models
311,utilize dynamic ROI
312,strategize bricks-and-clicks technologies
313,reinvent web-enabled markets
314,enhance 24/7 action-items
315,strategize granular methodologies
316,syndicate holistic systems
317,redefine frictionless supply-chains
318,unleash synergistic action-items
319,extend out-of-the-box synergies
320,leverage dot-com vortals
321,synergize B2B methodologies
322,enable dynamic experiences
323,streamline ubiquitous mindshare
324,disintermediate interactive models
325,evolve turn-key experiences
326,synthesize global niches
327,matrix efficient technologies
328,transition cross-platform convergence
329,repurpose cutting-edge platforms
330,harness innovative architectures
331,engage plug-and-play paradigms
332,matrix value-added interfaces
333,unleash best-of-breed synergies
334,implement bleeding-edge markets
335,engineer rich niches
336,strategize enterprise communities
337,redefine virtual applications
338,enable strategic solutions
339,extend 24/365 relationships
340,seize cross-platform convergence
341,target strategic web-readiness
342,deploy value-added applications
343,cultivate magnetic eyeballs
344,reintermediate viral eyeballs
345,mesh viral interfaces
346,visualize 24/7 initiatives
347,synthesize strategic infomediaries
348,evolve interactive e-business
349,innovate B2C applications
350,innovate dot-com vortals
351,exploit one-to-one deliverables
352,mesh intuitive infomediaries
353,enable scalable applications
354,e-enable leading-edge networks
355,deploy innovative web services
356,strategize web-enabled experiences
357,drive 24/7 partnerships
358,synthesize cutting-edge deliverables
359,maximize world-class technologies
360,productize customized systems
361,engage synergistic content
362,utilize granular channels
363,grow 24/365 infrastructures
364,architect B2B web services
365,whiteboard strategic e-markets
366,transition real-time supply-chains
367,productize back-end systems
368,streamline scalable ROI
369,streamline mission-critical ROI
370,whiteboard robust supply-chains
371,generate scalable convergence
372,innovate sexy networks
373,seize revolutionary infomediaries
374,maximize distributed convergence
375,empower front-end infrastructures
376,deliver scalable infrastructures
377,reintermediate ubiquitous supply-chains
378,engineer robust infomediaries
379,transform rich channels
380,integrate one-to-one niches
381,engage back-end solutions
382,synthesize distributed platforms
383,envisioneer distributed e-services
384,evolve compelling relationships
385,transition 24/7 bandwidth
386,exploit viral markets
387,expedite turn-key metrics
388,cultivate out-of-the-box niches
389,facilitate seamless models
390,enhance value-added partnerships
391,grow customized solutions
392,orchestrate user-centric paradigms
393,enhance rich models
394,leverage bleeding-edge models
395,enhance synergistic technologies
396,streamline B2B channels
397,transform extensible e-tailers
398,whiteboard back-end communities
399,matrix compelling web-readiness
400,deliver bricks-and-clicks e-commerce
401,productize enterprise paradigms
402,generate rich solutions
403,deploy vertical solutions
404,expedite holistic applications
405,incubate scalable communities
406,drive clicks-and-mortar infomediaries
407,redefine dynamic initiatives
408,disintermediate best-of-breed eyeballs
409,extend innovative experiences
410,synthesize value-added ROI
411,productize open-source interfaces
412,morph plug-and-play portals
413,transform 24/7 action-items
414,utilize one-to-one partnerships
415,scale robust e-markets
416,morph extensible markets
417,innovate plug-and-play portals
418,exploit viral niches
419,engage synergistic experiences
420,optimize clicks-and-mortar e-commerce
421,optimize vertical eyeballs
422,monetize synergistic infomediaries
423,syndicate best-of-breed e-services
424,e-enable one-to-one portals
425,repurpose customized paradigms
426,transform visionary e-markets
427,e-enable value-added architectures
428,generate 24/365 partnerships
429,harness granular supply-chains
430,utilize e-business e-tailers
431,disintermediate bricks-and-clicks e-markets
432,syndicate cross-platform architectures
433,expedite user-centric convergence
434,enhance dynamic e-business
435,expedite seamless applications
436,disintermediate leading-edge e-services
437,iterate strategic e-commerce
438,iterate magnetic supply-chains
439,grow seamless channels
440,harness plug-and-play functionalities
441,reinvent cutting-edge web services
442,unleash real-time eyeballs
443,incentivize synergistic users
444,transition turn-key users
445,disintermediate global interfaces
446,target sexy niches
447,grow compelling applications
448,optimize integrated e-services
449,brand killer users
450,orchestrate cutting-edge paradigms
451,engage bleeding-edge relationships
452,maximize seamless web services
453,seize e-business platforms
454,utilize next-generation initiatives
455,enable magnetic synergies
456,expedite extensible architectures
457,seize user-centric action-items
458,innovate frictionless platforms
459,generate integrated bandwidth
460,extend e-business networks
461,harness synergistic convergence
462,harness rich solutions
463,grow open-source partnerships
464,empower impactful synergies
465,unleash leading-edge experiences
466,facilitate B2C infrastructures
467,target best-of-breed niches
468,redefine strategic schemas
469,syndicate cross-media metrics
470,aggregate collaborative mindshare
471,maximize mission-critical applications
472,repurpose efficient content
473,embrace B2B platforms
474,reinvent granular vortals
475,recontextualize holistic users
476,harness killer platforms
477,implement 24/7 e-business
478,scale bricks-and-clicks initiatives
479,repurpose seamless architectures
480,embrace enterprise bandwidth
481,envisioneer transparent vortals
482,incentivize transparent mindshare
483,unleash virtual infrastructures
484,empower real-time ROI
485,iterate world-class solutions
486,reinvent sticky models
487,repurpose transparent networks
488,leverage seamless systems
489,iterate out-of-the-box experiences
490,e-enable leading-edge web-readiness
491,unleash open-source platforms
492,incubate one-to-one interfaces
493,utilize strategic solutions
494,harness proactive e-markets
495,seize customized infrastructures
496,whiteboard customized technologies
497,visualize collaborative channels
498,disintermediate visionary methodologies
499,harness sexy experiences
500,revolutionize innovative e-tailers
501,enhance one-to-one channels
502,architect virtual communities
503,reintermediate bricks-and-clicks networks
504,transform cutting-edge technologies
505,matrix clicks-and-mortar e-markets
506,transition mission-critical mindshare
507,cultivate one-to-one metrics
508,cultivate viral infomediaries
509,aggregate visionary e-commerce
510,facilitate distributed e-services
511,utilize holistic users
512,matrix back-end technologies
513,benchmark distributed technologies
514,leverage open-source functionalities
515,unleash extensible portals
516,syndicate turn-key systems
517,repurpose cutting-edge web services
518,utilize value-added models
519,disintermediate interactive eyeballs
520,orchestrate clicks-and-mortar partnerships
521,deploy vertical niches
522,envisioneer value-added markets
523,redefine killer infrastructures
524,leverage bricks-and-clicks models
525,incentivize one-to-one technologies
526,deploy strategic technologies
527,synergize bleeding-edge channels
528,deliver transparent e-markets
529,scale 24/7 e-markets
530,productize collaborative deliverables
531,reintermediate open-source solutions
532,enhance seamless methodologies
533,incentivize interactive deliverables
534,whiteboard e-business deliverables
535,unleash cross-platform e-tailers
536,recontextualize collaborative synergies
537,syndicate back-end supply-chains
538,target customized supply-chains
539,mesh value-added infrastructures
540,expedite scalable bandwidth
541,enhance e-business infrastructures
542,mesh bleeding-edge bandwidth
543,grow back-end convergence
544,orchestrate B2C action-items
545,implement viral markets
546,architect killer architectures
547,aggregate dynamic synergies
548,aggregate cross-platform convergence
549,brand end-to-end eyeballs
550,iterate sticky mindshare
551,syndicate sexy mindshare
552,recontextualize user-centric channels
553,innovate synergistic systems
554,reinvent collaborative experiences
555,repurpose innovative e-tailers
556,deploy turn-key eyeballs
557,deliver vertical initiatives
558,e-enable impactful e-business
559,monetize out-of-the-box e-services
560,leverage seamless infomediaries
561,reinvent proactive bandwidth
562,expedite holistic bandwidth
563,redefine turn-key bandwidth
564,enable extensible action-items
565,leverage magnetic e-business
566,cultivate wireless markets
567,reinvent global e-tailers
568,morph holistic methodologies
569,redefine dynamic deliverables
570,redefine open-source eyeballs
571,disintermediate dynamic platforms
572,grow user-centric infomediaries
573,deploy end-to-end infomediaries
574,unleash B2C markets
575,iterate holistic supply-chains
576,embrace killer e-tailers
577,enhance collaborative vortals
578,scale extensible supply-chains
579,architect distributed relationships
580,seize value-added paradigms
581,e-enable user-centric mindshare
582,productize global applications
583,orchestrate strategic relationships
584,redefine clicks-and-mortar infrastructures
585,brand back-end e-services
586,reintermediate enterprise vortals
587,innovate 24/7 experiences
588,utilize leading-edge models
589,repurpose enterprise e-markets
590,empower plug-and-play technologies
591,exploit efficient metrics
592,benchmark synergistic convergence
593,engineer intuitive niches
594,seize visionary channels
595,aggregate intuitive web services
596,cultivate wireless niches
597,streamline innovative experiences
598,integrate extensible e-tailers
599,integrate granular e-markets
600,orchestrate mission-critical e-markets
601,enhance dynamic relationships
602,extend cutting-edge applications
603,redefine leading-edge channels
604,streamline dynamic portals
605,enable distributed solutions
606,strategize rich architectures
607,innovate end-to-end ROI
608,innovate customized ROI
609,morph back-end schemas
610,reintermediate 24/365 interfaces
611,strategize cutting-edge infomediaries
612,monetize compelling e-tailers
613,innovate plug-and-play infrastructures
614,transition B2C synergies
615,morph synergistic applications
616,iterate synergistic applications
617,reintermediate open-source e-business
618,architect integrated deliverables
619,matrix user-centric infrastructures
620,revolutionize interactive e-business
621,e-enable front-end solutions
622,syndicate transparent portals
623,enable clicks-and-mortar interfaces
624,facilitate transparent markets
625,empower compelling solutions
626,embrace visionary portals
627,maximize 24/7 mindshare
628,morph customized communities
629,reintermediate global methodologies
630,engineer distributed eyeballs
631,optimize sexy ROI
632,transform distributed content
633,incubate front-end platforms
634,engage impactful infomediaries
635,synthesize e-business technologies
636,engage distributed action-items
637,streamline web-enabled deliverables
638,scale extensible models
639,implement collaborative channels
640,evolve innovative communities
641,iterate user-centric e-services
642,reintermediate clicks-and-mortar vortals
643,strategize clicks-and-mortar synergies
644,target visionary bandwidth
645,synthesize impactful models
646,engage strategic vortals
647,maximize distributed mindshare
648,expedite ubiquitous schemas
649,enable dot-com paradigms
650,enable killer e-services
651,productize global action-items
652,integrate proactive solutions
653,revolutionize sticky e-commerce
654,drive cross-platform vortals
655,scale e-business portals
656,revolutionize efficient convergence
657,monetize distributed e-business
658,disintermediate turn-key content
659,optimize distributed models
660,redefine value-added mindshare
661,optimize collaborative action-items
662,leverage granular schemas
663,redefine leading-edge experiences
664,revolutionize bleeding-edge initiatives
665,e-enable intuitive partnerships
666,target integrated schemas
667,empower turn-key partnerships
668,seize leading-edge methodologies
669,unleash killer deliverables
670,enable world-class models
671,disintermediate open-source e-commerce
672,revolutionize killer infomediaries
673,iterate holistic niches
674,generate 24/365 technologies
675,optimize extensible partnerships
676,maximize one-to-one channels
677,seize seamless communities
678,mesh cutting-edge channels
679,innovate collaborative e-markets
680,seize synergistic web-readiness
681,extend visionary synergies
682,transition cross-media channels
683,architect front-end niches
684,streamline extensible web services
685,disintermediate clicks-and-mortar markets
686,deliver dynamic technologies
687,strategize extensible convergence
688,mesh viral niches
689,envisioneer transparent web-readiness
690,embrace vertical platforms
691,generate distributed bandwidth
692,transition interactive eyeballs
693,seize ubiquitous paradigms
694,exploit collaborative solutions
695,deploy efficient convergence
696,synergize virtual supply-chains
697,disintermediate interactive functionalities
698,brand enterprise e-business
699,enable best-of-breed metrics
700,target e-business e-markets
701,architect granular bandwidth
702,aggregate user-centric channels
703,envisioneer wireless content
704,empower one-to-one paradigms
705,incubate bleeding-edge infomediaries
706,synthesize best-of-breed applications
707,transition compelling supply-chains
708,deliver global markets
709,optimize enterprise niches
710,harness extensible partnerships
711,envisioneer robust web services
712,harness magnetic applications
713,grow sexy web services
714,leverage synergistic synergies
715,whiteboard distributed action-items
716,target 24/7 e-services
717,leverage granular web services
718,benchmark impactful portals
719,transition bricks-and-clicks interfaces
720,benchmark real-time supply-chains
721,grow dot-com e-markets
722,architect scalable applications
723,seize revolutionary functionalities
724,reintermediate vertical infomediaries
725,deploy leading-edge partnerships
726,envisioneer holistic niches
727,architect value-added synergies
728,innovate cutting-edge solutions
729,generate interactive methodologies
730,disintermediate robust applications
731,maximize 24/365 networks
732,synthesize granular content
733,brand innovative deliverables
734,utilize killer supply-chains
735,benchmark magnetic networks
736,enhance global action-items
737,generate frictionless content
738,iterate back-end e-commerce
739,incentivize cross-platform partnerships
740,redefine innovative methodologies
741,engineer bleeding-edge architectures
742,empower efficient e-business
743,exploit transparent synergies
744,seize customized experiences
745,scale revolutionary eyeballs
746,grow enterprise architectures
747,monetize innovative relationships
748,implement web-enabled solutions
749,extend holistic infrastructures
750,recontextualize back-end convergence
751,generate 24/365 metrics
752,generate B2B mindshare
753,streamline plug-and-play paradigms
754,integrate cross-media metrics
755,expedite impactful e-tailers
756,aggregate collaborative synergies
757,envisioneer extensible methodologies
758,orchestrate turn-key synergies
759,optimize transparent web-readiness
760,evolve dot-com interfaces
761,synergize bleeding-edge action-items
762,reinvent back-end e-services
763,engage bleeding-edge initiatives
764,aggregate ubiquitous vortals
765,scale proactive e-commerce
766,exploit real-time markets
767,e-enable seamless applications
768,generate compelling initiatives
769,engage real-time communities
770,disintermediate leading-edge partnerships
771,transition cross-media functionalities
772,repurpose integrated convergence
773,empower 24/7 convergence
774,matrix robust infomediaries
775,e-enable efficient paradigms
776,redefine rich infomediaries
777,syndicate 24/365 e-commerce
778,drive turn-key schemas
779,generate dynamic networks
780,disintermediate viral solutions
781,unleash e-business vortals
782,generate end-to-end e-markets
783,synergize e-business e-services
784,synthesize revolutionary models
785,implement cross-platform e-services
786,visualize open-source relationships
787,disintermediate cross-platform initiatives
788,evolve proactive partnerships
789,harness rich e-business
790,scale plug-and-play deliverables
791,incubate compelling web services
792,scale synergistic experiences
793,innovate proactive bandwidth
794,aggregate collaborative e-markets
795,benchmark rich portals
796,productize integrated paradigms
797,cultivate end-to-end channels
798,redefine innovative architectures
799,morph 24/365 web services
800,redefine bricks-and-clicks niches
801,enhance intuitive web-readiness
802,architect strategic supply-chains
803,e-enable compelling architectures
804,evolve value-added experiences
805,cultivate innovative ROI
806,scale frictionless ROI
807,synthesize cutting-edge paradigms
808,architect mission-critical e-markets
809,synthesize dot-com supply-chains
810,target front-end initiatives
811,whiteboard collaborative supply-chains
812,strategize one-to-one experiences
813,enable sexy methodologies
814,matrix vertical metrics
815,brand value-added bandwidth
816,implement strategic action-items
817,benchmark world-class mindshare
818,revolutionize integrated markets
819,drive mission-critical bandwidth
820,brand dynamic e-commerce
821,engineer efficient web services
822,synthesize leading-edge e-business
823,synergize extensible synergies
824,benchmark efficient architectures
825,implement sexy applications
826,brand one-to-one schemas
827,innovate collaborative action-items
828,cultivate cutting-edge content
829,deliver customized bandwidth
830,integrate vertical eyeballs
831,morph frictionless supply-chains
832,whiteboard world-class supply-chains
833,whiteboard sticky mindshare
834,incubate visionary technologies
835,unleash vertical eyeballs
836,grow cross-media markets
837,engage virtual models
838,incentivize dynamic portals
839,utilize vertical functionalities
840,morph user-centric functionalities
841,generate vertical channels
842,syndicate end-to-end systems
843,visualize B2B supply-chains
844,scale magnetic e-services
845,cultivate holistic channels
846,facilitate dot-com e-commerce
847,extend customized applications
848,reintermediate revolutionary architectures
849,evolve integrated methodologies
850,visualize robust metrics
851,synthesize plug-and-play e-tailers
852,architect customized e-business
853,engage cross-platform e-business
854,facilitate mission-critical e-business
855,strategize seamless users
856,optimize bleeding-edge functionalities
857,syndicate killer markets
858,disintermediate one-to-one infrastructures
859,synergize dynamic convergence
860,productize back-end e-commerce
861,unleash out-of-the-box infrastructures
862,optimize holistic architectures
863,optimize strategic supply-chains
864,drive best-of-breed portals
865,embrace B2B e-business
866,incentivize frictionless methodologies
867,transition out-of-the-box bandwidth
868,leverage magnetic schemas
869,empower ubiquitous bandwidth
870,envisioneer back-end e-business
871,optimize vertical models
872,whiteboard innovative web services
873,engage cutting-edge convergence
874,reintermediate cross-platform infrastructures
875,enhance global markets
876,cultivate next-generation synergies
877,syndicate efficient technologies
878,syndicate value-added systems
879,engineer magnetic applications
880,incubate dot-com e-services
881,empower B2C systems
882,generate mission-critical models
883,revolutionize e-business solutions
884,benchmark visionary applications
885,monetize front-end solutions
886,benchmark efficient e-commerce
887,generate viral channels
888,maximize B2B markets
889,productize distributed applications
890,matrix wireless synergies
891,expedite e-business users
892,morph rich eyeballs
893,transform next-generation interfaces
894,leverage 24/7 metrics
895,engineer value-added content
896,scale customized content
897,orchestrate end-to-end communities
898,visualize frictionless users
899,implement B2C networks
900,incentivize bleeding-edge architectures
901,repurpose real-time infrastructures
902,architect ubiquitous paradigms
903,visualize out-of-the-box architectures
904,generate 24/365 interfaces
905,iterate frictionless applications
906,target one-to-one interfaces
907,transform frictionless initiatives
908,syndicate best-of-breed partnerships
909,monetize extensible experiences
910,innovate back-end applications
911,transform visionary applications
912,innovate out-of-the-box markets
913,utilize cross-platform technologies
914,reinvent sticky channels
915,revolutionize sticky bandwidth
916,evolve plug-and-play e-services
917,embrace virtual bandwidth
918,reinvent one-to-one web services
919,unleash one-to-one channels
920,whiteboard e-business eyeballs
921,brand global users
922,evolve world-class vortals
923,morph bleeding-edge methodologies
924,utilize killer e-services
925,grow revolutionary architectures
926,benchmark granular metrics
927,grow rich paradigms
928,e-enable innovative e-tailers
929,strategize collaborative communities
930,reintermediate strategic ROI
931,streamline extensible bandwidth
932,seize real-time functionalities
933,aggregate 24/365 architectures
934,enable customized ROI
935,reinvent killer eyeballs
936,productize robust action-items
937,transform wireless methodologies
938,incubate B2C ROI
939,incubate 24/7 markets
940,unleash plug-and-play models
941,integrate rich platforms
942,drive cross-media relationships
943,repurpose integrated partnerships
944,whiteboard sticky users
945,deploy world-class users
946,target scalable web-readiness
947,grow B2C bandwidth
948,monetize revolutionary eyeballs
949,deploy value-added technologies
950,grow leading-edge e-tailers
951,transform visionary supply-chains
952,embrace vertical functionalities
953,monetize enterprise models
954,enable 24/7 interfaces
955,grow visionary ROI
956,unleash wireless solutions
957,streamline front-end relationships
958,streamline integrated mindshare
959,aggregate frictionless e-business
960,enable scalable e-markets
961,enable out-of-the-box users
962,integrate real-time synergies
963,deliver magnetic synergies
964,integrate e-business synergies
965,engage intuitive platforms
966,disintermediate sticky systems
967,generate end-to-end applications
968,brand user-centric initiatives
969,reinvent frictionless communities
970,orchestrate value-added eyeballs
971,facilitate sticky relationships
972,deploy magnetic bandwidth
973,empower killer technologies
974,redefine 24/365 action-items
975,exploit strategic infomediaries
976,orchestrate impactful synergies
977,syndicate front-end applications
978,benchmark efficient communities
979,benchmark back-end functionalities
980,orchestrate turn-key bandwidth
981,incentivize collaborative networks
982,evolve world-class e-business
983,productize B2B technologies
984,enhance end-to-end vortals
985,transform visionary mindshare
986,scale open-source action-items
987,mesh one-to-one schemas
988,harness leading-edge platforms
989,iterate frictionless infrastructures
990,recontextualize interactive methodologies
991,transform robust architectures
992,grow seamless functionalities
993,expedite cross-platform applications
994,synthesize extensible eyeballs
995,envisioneer web-enabled e-business
996,grow intuitive platforms
997,redefine world-class interfaces
998,deploy world-class infrastructures
999,optimize magnetic content
1000,innovate front-end paradigms
