typ_fryzury_id,opis,klient_id
1,ibLYqZqbX,916
2,3GHuDsjRlCG,997
3,E7jKEQA3,969
4,puBrNix,913
5,fp7VrXQpP,304
6,KWisPr,481
7,bovpW6KGq,904
8,jU1x3sR,769
9,0zrlJQEUSaLA,706
10,KsSfRCpCxlcu,188
11,fI9OxXsB,884
12,pTtsJQrZQx,858
13,ofWHvaf,593
14,S2u6EK,13
15,5h4GXkaE,291
16,cuk7bhKpoy,465
17,hHMjwq9RI,395
18,6eTe8Vvj7Fk0,338
19,s500rqOE2EL,274
20,3JPPHcy0,979
21,X64opZp3KkPr,474
22,eN45F3bE,223
23,PKKtQclFt,887
24,BkHQWtGx4q,265
25,GvUz18fbIO,973
26,ysCmAFFo,474
27,8uoHx6,923
28,F16D9YYHt,408
29,KJh4JEz3,465
30,6xexh5jHKG8,788
31,bHEpZSp3bG66,200
32,c9qazHZZg,480
33,UDn2A7LSbbFB,593
34,8xOnMWe,683
35,sTAWQ3AhH,295
36,8IApYlsq,590
37,pxvSFQyK4,639
38,S8Svnmi3E,525
39,cKdLrhic,133
40,zDzPRcVVaL9,589
41,IHnRpOQTD,774
42,7KA5k8v,617
43,NZXkqs,731
44,EfbEIdrHV,208
45,3hDvUN6RIFI,660
46,xCpWyt3LNmD,788
47,hjTmSsf,405
48,r6OTiI8Wr,625
49,YruqNRpnwrtd,686
50,84QKBCBhny,763
51,YTzAaf,327
52,QyLjhDOj2xP,834
53,aD6jvZQ1F3,784
54,zXDmWKoOE,141
55,kFnhpEwex,795
56,uBdK0X5oiER,127
57,6X51RqTe,342
58,Lhn7POlhPCHc,636
59,LVrvCl,270
60,FR169cHneOE,25
61,puYhca3a6K,447
62,s0f8NT0Lbd,121
63,KOtkdt5,590
64,CHNFI1mW,620
65,ye6suOR,920
66,rsf8KoxL1juM,655
67,zXeMykRAA,462
68,Av9N8NAEo3v,343
69,H6EyEMXp,553
70,8vkMG91kpl,578
71,nHyKIL,399
72,e2utcOTKd,678
73,4tqKGarvLT,362
74,ziHFcty,302
75,OPLViPuPxF,312
76,4Vye4P,422
77,mgM9Ci5Py6q,52
78,TFgOsLqIQRMe,73
79,9QQwUu,32
80,UmNuLy,54
81,bua5uiZKwPI,555
82,636fJiQ0H6,797
83,Fk4OIVdYW,353
84,x6YC8cAc33p,52
85,0JV65w51,704
86,fMtVoUTY,37
87,nrY02C,911
88,kWrhSMS,571
89,taTlJAp8f,470
90,8fUfZJK,534
91,FNGFLa,472
92,I8KpJmoaA,327
93,PVAhGOGGPD,405
94,aQeFsMQA,748
95,NjyUeZY87m,485
96,SZJS4XU,626
97,YGkT8E6w7,641
98,qvDYkzB,957
99,SVG4c2KL,525
100,wOZhE1V,397
101,fFT1Ld,182
102,4hg9oYFU,920
103,U5SvZI,912
104,y8KttGa5,32
105,nkNR1PE3f4K4,833
106,bbcu6rfOON,494
107,P1596KeiQ,619
108,j5ArCjgxPz,694
109,lj6t3pqjo7d,8
110,jxBfpMsG1,726
111,X3qkomJPRG,338
112,f667jzNMe,708
113,Y1pU15ZSp63,709
114,bVnvxhh3LY,33
115,8RAL52iAhNr,279
116,2Q3s4g,651
117,514OZ0WWWcCk,669
118,320QISG,614
119,MLswRvq6Y,254
120,dPg3x6,398
121,XMc7obDENtSl,855
122,sSoMzIpYt9EZ,930
123,is3uukBGv6cP,482
124,Cje5i4X,887
125,fD7qWb2bto,191
126,Iw3GsHBtTb,642
127,zMscAL,745
128,yrgGLWvfB0kF,324
129,CIfYYGZ8l75,197
130,HGYAul,263
131,RGu8wX4H,921
132,BD3spL,135
133,MBkYWs0e2C2i,788
134,CmI6E5Fo,752
135,zIpjTWF6MYv,149
136,ZVeQRo,572
137,bjQlU9I,956
138,83XfV8u9V,75
139,TBQOZmR7,77
140,97S3c9knMP,439
141,zb1Yn2d,680
142,ahqeYZj1bF,307
143,VI0jiw,572
144,PCSL3pIda,537
145,MtKjg2q37Ns,723
146,LF7Mfe3JF,451
147,c9FTecNi,100
148,2ot3XNfLi1gI,604
149,CBcabjKVD96,798
150,WL8lau,150
151,u4GsA58Y,19
152,Yh3vSslE,106
153,h2VleKBmTn,848
154,pohXXYPH8J,309
155,g7fSthnRG,181
156,p4zG1w34,550
157,kBuviCk,142
158,B0DXG2KU,763
159,npQRhY,147
160,KzCOLW1rmhr,671
161,jrczzXR,26
162,uV40pYAQagR,635
163,ucB3cyq3dS,937
164,US3nCBj3GW1r,425
165,CocHUb8qoo7,817
166,BHRVNVJGPPgS,816
167,brK8W8Rl,955
168,k3rJAWJVlVa,258
169,WZqKKSlaKiP,590
170,pfCqqr5k5R,461
171,T3qilYQdGcsH,566
172,AAWEpat7UJ2,287
173,u8Lnftd,264
174,l06MHKJLjm,313
175,VQN4yrTE,661
176,OVecpSGu2,486
177,93tD1lQ5GlT,803
178,h98ICZyZfV,610
179,4RAlWwh0Laje,958
180,bozFG5dN9gau,32
181,snUn2lKzJt,699
182,yWNObIf37AwR,856
183,ER1EZsdhM,261
184,yTvkJq2R,927
185,DxNwqI3l,549
186,fIG6otWr,842
187,n0u3Y7,171
188,IWdEcogo,585
189,MycJH1Kw,858
190,0fINeRe,271
191,zLJIwy4OzEAY,489
192,LMC47gE17D,511
193,WvJzuTQjOt,5
194,JIXVZHdHlPuh,260
195,yoFSfXJwQXNk,822
196,dnbaeg,203
197,c6Qk81wMbM,511
198,1PSLoZ9ylaS,999
199,K4WpsB2,765
200,uzb9AaFWVViH,344
201,M3Cdop62I98,452
202,Y7WHLh4l6,392
203,7A8Pb45G8,909
204,lPfrOYyWwZ,631
205,DD2QIBxyIjU,65
206,yW3z1qFLQ3r,631
207,sdioAVpKhz,547
208,aOQTD6t5,712
209,A9soFSJR,47
210,khP4rL5oMP78,264
211,WRZtcpy7Hp,831
212,IkyjYadCiRi,528
213,zsLLQD9JxeBV,145
214,Ra9tSCx,267
215,siWwWP,593
216,bCLZBEQsM,449
217,NQhxlt4KAa,992
218,m0M2u0pa441,475
219,T7zM7tvXi,852
220,ofxF2mEc28,289
221,NDpWH3B,434
222,rZ3RwcCTzo,1000
223,Rk7bdQOKZBnL,327
224,bei8IB,965
225,azJ85tZ6g,756
226,rU2PMnsKM,352
227,EzQiQdb4NJMS,123
228,dB8vDpt,207
229,O5JHWDkcpe,458
230,uxQk7NiXJ,564
231,SRpOFqDVxcH,50
232,YVT8sQP,27
233,r4tGJhi,904
234,pAeQ7tEBb,147
235,j5lY9U,502
236,WyKVIKfk,554
237,QKhgavWHhX,993
238,FsybDJH32yML,922
239,EHc1eVDbWux,892
240,SKBmNCwo,664
241,MfwsEl,199
242,GwXVLTwqWc,441
243,RUra5X,840
244,XQzuYjkQzTEB,343
245,WN8lwuds,545
246,o1zEavz,324
247,LUzrBIr,604
248,fgymvUMCR,388
249,6JgVA2,315
250,ktO18QD,305
251,NZrQBN,404
252,0jtKJpOZehvA,74
253,DpZqwTsMv1,290
254,OnpSQwqSFsX2,613
255,apjbXl3,721
256,keOP0RqW,322
257,d1T1EoN,44
258,EuBqgzB3UcH,802
259,zSptnQ1VBHR,483
260,VSbd9XpO,600
261,HekxaWpWI77P,320
262,O61QgI70i,94
263,2FQ5kvOyD,994
264,6GLSiLQ8E,201
265,syAqPmS6G,919
266,Ql8j3438xdG,273
267,oUlgLhheya5g,431
268,bAhL2fp,277
269,lVSHObzzup,965
270,U6iY5rp7r,878
271,n1GNLj9,488
272,zA1QDJVML9aC,588
273,AVUHiwtmX6,727
274,zlotazr,51
275,hTYLSCoF9u,238
276,dG8kNzy2R8,354
277,jjlcnc8,755
278,IgYTmJQp6B,758
279,llQWBQKCRlf,64
280,qL9wLOA,179
281,bgnVK7ieqF,993
282,scbOjZ5Y,688
283,hEe0IX,403
284,3BBFMXAaWh,943
285,NfWtKQaCqW9M,134
286,iIpErj,586
287,EPj7PLsNhs0,792
288,uqElEbQxl,413
289,qhv9Vtb1gM7b,120
290,SCyWznF,797
291,59uPfKknw,428
292,cG1y6z1HdrBr,361
293,DrlsCBkPzC,877
294,GVZ1fC,521
295,6lPBkjx2ZDb,168
296,O24fWnd,646
297,ZeO94mFc,672
298,yySczE,894
299,ddSSbhsZzp,107
300,dOdmTW,540
301,27ZA6Zs6Z,982
302,iHYmX4KR,798
303,QGR4WMOc,290
304,QTRcGjwiVDNW,536
305,s09ydW0qPW,73
306,gSu35HQAZ,884
307,gP82FMwgTp6,125
308,v0unE3y,963
309,oUVUKgA94,838
310,Ux0VGjCgE5,351
311,ltlt4prS5jlV,552
312,ZDtFrf,837
313,Y2Lyn9sBAaV,484
314,AauWTPZ5mqq,234
315,LRV8PvDegRG,108
316,kvLbfMrmpO0,439
317,aAfmlCqns,443
318,wwTCKG1,14
319,TDPCl0mWYA,249
320,ozD2lTbKKd,244
321,DTr7fvUbrziG,265
322,VJEWtWtZe4,518
323,NpNNeVH5sn,35
324,IBUfDBfGg,140
325,FxtBCi,267
326,4sLH3SiOuym,699
327,IoNKG285hWI,140
328,MSuQ0ZpZ8eI,44
329,GQsbDj,917
330,RUHf8CxmJ8Cj,565
331,vm0qSrUtj5I,936
332,kp0zmJV,132
333,nQGDdb21Y1oU,73
334,PGy4IWvM,46
335,NVpkyFS2os8k,654
336,ymPzTqU,366
337,UKPxjHub,861
338,cplH6wRp1gcB,570
339,SW1QjuLHO,636
340,OaxwanPv0p8J,360
341,gN0S7t1,31
342,7esuijGuGQ,111
343,z6OywNq,392
344,oI8z5esc,586
345,i3Mu08AzZ5,480
346,sCG39d,539
347,qGqvIq2J,643
348,G4xv9m7,885
349,SYnes1j,789
350,erqFRV,428
351,LddqR0,287
352,qk3jn9iPKg,936
353,pR2HH390UT,405
354,rl19KJp8o,165
355,eYIO6i3D3Ki9,179
356,9fjCRsHH2,63
357,H8iQVk9,198
358,T3W6Eq7,916
359,G4dIUIgd8nT1,552
360,H6omrz,529
361,KbRp4t,764
362,RiB1pFoNGPBu,605
363,XUhZfB0DPm,842
364,NPjJNg,685
365,si0514agQhv,796
366,qAXeef7pcTOb,664
367,rdtGWCN3Oy6z,488
368,khJvSTGSJA3S,569
369,aF01noTCY,483
370,V0ZI3dp,972
371,KO5hj5D,955
372,CWYvHdUPOSb,643
373,p1iqL6,193
374,HvLI0gQz,350
375,9ZhfJCY3Pbg,240
376,eypiiOGWhYe,579
377,P7tUm6UU,276
378,ongevXvXh,740
379,kdOzZxhfb,744
380,W5Q5GyMO6M6e,534
381,Gr26flNi,247
382,y4FZYyYJ5IzM,391
383,kkjUTlP5,249
384,AuXVcjpp4,882
385,JitBfD,721
386,97mdbjY1uHI,904
387,L4wXU4I6,79
388,QuJoICLJN,751
389,87T42e,270
390,UWpktMS7i6e,71
391,HbKhZ7,370
392,7ECHZYSu,953
393,rXqdrjq,7
394,SSrP1YkSt,133
395,lUljBR,836
396,Afnv5Vp,344
397,ROA81n2aZ,520
398,YyfA6i9pLS,387
399,2q8ZbU6GVW,387
400,oF2r2GtDCJD3,161
401,dnRRtfyYV,623
402,31SzJT76XFR,766
403,IgTOjA,857
404,BiK7gv,4
405,VezTP4a1VS1,37
406,fE4ybSLIcCG,279
407,EXsCT6UThxD,965
408,EzLIK3xHOEoo,825
409,z5lBmhHtjO5,922
410,dNZo9pgXu0s,135
411,CY7raQICpcj,561
412,LkocYaeX,541
413,ZrHDoXEfu,516
414,AcfyxuUDh,580
415,ChLJMBA,4
416,jW7rm1RVBT8e,683
417,Hbhpz7,851
418,17LnShNF9adg,736
419,JDIMPrHXN,853
420,nTGq2ymG,107
421,ThO9SY2GXt,382
422,7FgSc3pyxJ,551
423,UlwpnEpBSH,15
424,RVAHepCzdxnH,830
425,RIcn8qCgsJI,640
426,71z9gTVY,834
427,wbp3NWAF,997
428,DO0OFxRP4,127
429,kYKIdTw,542
430,tAopguR,654
431,7x6VmQ5e3zWQ,335
432,99Q5v9JPU,271
433,p5yghHYl,690
434,ScypyG,8
435,nlClllBZd,327
436,3j6zwRLGW7iT,223
437,Tiytnu9hhN1,985
438,yULIMl88hV,792
439,PYmPpZVbn2aE,343
440,iwul1qH,202
441,J6BvxHX5bFwx,677
442,5Ve5xaMN,899
443,eUVlCb,579
444,BTSzHmc,581
445,2VFFHbUUb,315
446,neZT2aDfrb,296
447,1QVnYPF,793
448,l4S8HMSmZ,124
449,MvXgTu,788
450,cvFF0I3,902
451,IgyciKDPrs,16
452,skqhip4jkRDh,771
453,Un7Kvm0yR,381
454,SDMfiGJTwqou,208
455,DvQADA0tCIX,871
456,QIIX2z,858
457,zhmMVYIULWJA,857
458,vUahmd,333
459,zMBfBLJl3tW,385
460,okTwkI,225
461,KZHRBGorM,108
462,R29BLXBJ,112
463,nHLk4B,98
464,aQz2uL,803
465,4YkG1CUyQWQ,879
466,jNX6dSn6Ou1S,447
467,PRmVYJnFQ,473
468,tn5yxTR5YZIB,156
469,T51ueY3pU9U,387
470,iZCJ1m84tJJ,862
471,9ZnbDlQXKH,971
472,WVDhTH9V13z,493
473,KUckcC,880
474,dNbiSM,276
475,UU7zirXhMrb,660
476,ryzEsOfe,49
477,xn0Kte,304
478,Cxo5iv0luyo,324
479,bL8NY3q,605
480,hKKNfNlhK,242
481,FHILm0exdScD,680
482,qp8tyQK6J,996
483,TU2m87eCfVr,726
484,El7sWCN,44
485,3s5QUPjdCsn,495
486,ltxclg1xB,583
487,k0DG76JOnFp,44
488,ReP58zyzbWpJ,667
489,YiEbZd,920
490,DDz2984,66
491,pV6I1wKav,868
492,WzBOH791254,780
493,ABXIGHv05E,984
494,e9G6DWh0booO,828
495,dLaji8cqgSz,809
496,3LPuf5Af,793
497,SB7m5bWF,572
498,dFXahBYwvTmt,91
499,o12auWw,437
500,BY4qcK9kJYj,56
501,A9BKuPelaAJ,161
502,sFR0yv,543
503,BNQfdIJ,799
504,JUJ9oAQl,870
505,MyTk2n,362
506,UNt2KkPvZ50,387
507,djCPJtNeueT,937
508,Qki1foGnu7,846
509,lVU2QWUox,625
510,F2nCTgmgyJm,658
511,0dH0iKICA,706
512,w9nc5Wx78,381
513,JLHC69q,546
514,VXmXOYHn5XkT,916
515,3rD1Eo,352
516,F0FexJaz6L2,192
517,DiVyCXx1iK9,935
518,wFVtz9,52
519,hHNxW4IaAnrF,530
520,pveCqQaUc,205
521,wivhHcCu80M,333
522,LrtYpGfonz,933
523,THSzp2nv4,468
524,3EwhEW2,187
525,EQ9sq7D,756
526,fNETpW,612
527,jfa3CjGR,903
528,ETN21DceB,219
529,1AEW2P7E,808
530,pu4FSaCUIgE,464
531,8OqBnNy,277
532,saiWYx1PFz,651
533,cgAV02rG02p,262
534,DO7FI4,36
535,s09jRFwH,274
536,QsnR2k04,604
537,Y6AmaV5,298
538,oJnpkK7nM,447
539,151u1zuav2q,288
540,RXvjnzslZj6h,188
541,ovS1OZZHo,392
542,yxzvxdk,773
543,ASLpcMbcS,913
544,ThItjTW8RQ4d,999
545,2aPtMb,145
546,I4TpyiZrbRU,912
547,GSSu61Bh78,963
548,0egeAh,319
549,1HyMYciDH0sL,776
550,xgG1QrhWsK,755
551,Ov71u5h,854
552,gXy3TZyTnCC,383
553,wGk1DEB,992
554,H3bLGU8,782
555,bZvXIDJK,353
556,Tg2n9qF,742
557,iFz7XtW2O,342
558,F6ZN57,42
559,b2x3Ycd,347
560,3DiQ5VC8xk,989
561,ggqchve5,535
562,zUD4O4aJ,610
563,ci3Ki8cf0Fli,71
564,0MXdT4o,361
565,f0N0e2KjF,344
566,jiSBMtcWq,249
567,zHWgKQfia,643
568,fNXqjcUK,743
569,06Lv6lz1,903
570,hhpE08zq2r,335
571,81ztj3aTYJ,721
572,B7otPZ5sY,915
573,y2v2ISEbthc,31
574,EuXHjWX,283
575,kOjiLuTAr94O,769
576,g5SKchoWYE,897
577,NCCapC0vrR,61
578,PUM1oz,985
579,263NFAy45,804
580,pSVP8pLQRX3,933
581,e6EhzY,904
582,hBoD8xhJza,579
583,YfXZQa4xK,307
584,lKU5mtxPSL,115
585,DrnXQ1fSUhj,520
586,ModIyaX1L,230
587,L8XO9u5,1000
588,tFCRifr,322
589,Ff4hiBAFbKg,51
590,1NYDfc,416
591,ECDkWycdDmWZ,469
592,DL7VW3ZYe,924
593,81yr326ax,673
594,hraMjPU,475
595,F87nCeMDKE,946
596,seJ64nrUf,552
597,LCMa7dd,272
598,LjaBVrM7J4,908
599,2k84KrKYFH1F,212
600,FKzsGBX7BP,223
601,J9ljpfrrLzf,574
602,y70SmH,868
603,MtBrYGsSw,844
604,jppNQTI6,485
605,g1c7sxh8Pi,220
606,Qn6iHhsSnlF,296
607,cARkAEsV,207
608,T8rpw3bZ6AZJ,116
609,gYn6eD107l70,761
610,uCQJ6QLyd,308
611,jRgSI5qL,821
612,nbFAvg,12
613,qkaifLZXXzf,562
614,JJCX4LM,15
615,Y1AOlRET,660
616,xLrXcX,519
617,EN5Qu7drnUt,656
618,VsBqrSHS,620
619,H1qwA5QVl15w,867
620,Nf2xVuHPGY9,843
621,6OyqgdZ7QGjY,214
622,tEUqGwI0FuuS,360
623,pdchWJG3q,297
624,lP7miAx,80
625,WutGQ3,846
626,rLK0wWulpVh,915
627,VpM6ecJ,749
628,OntkxP,101
629,A07xe9TZW,664
630,eVwyBb,262
631,YQlv005Z,958
632,0NVpBRPVG1Fz,859
633,6qCDOd,85
634,zBZeXazg,536
635,AnnK00Oo,449
636,nQZsyl,655
637,bJAdyF2LO5,450
638,FxmMablW9cLG,864
639,unvliqGB1,988
640,rcajegac6M6,717
641,Hg0LoLdQJX,885
642,Z3Y7bOkQb,151
643,QoT0TNsfj3r,691
644,L1xvuTF,697
645,DNViHPbUPy,89
646,RwXAQP38qEd,659
647,6adOb7,842
648,zkpvk7Z3qlm,766
649,hCxtZBvAvVy,329
650,cUxcf0liVICF,760
651,dFwIG8pQaw7A,184
652,S1xYeehezG6,64
653,fa8dfleyKgT,900
654,b1SAEpWrqWw,271
655,gj3uOkYOcWQJ,812
656,mKDGvM7xXK,430
657,lqQwPPX5yf1U,91
658,9dbBibeYZ,776
659,2yMzu8aiJgLL,430
660,5fXC1H,808
661,9hnIFHO,546
662,ll9i8gr,667
663,xN103j2,150
664,cqG3q9tdh8M,762
665,HWnbrqpftTK,746
666,xagp3f4JN3tl,690
667,kS638NKVV,329
668,nxiPJyqBKSQ3,54
669,XNmsJ4w9WcF,271
670,OMV0ren6S3i,995
671,mXJdSzBlj,237
672,y3iJQOWO,6
673,QWryg05Kc,754
674,0x40HII,465
675,9eGlloiDzzs,633
676,FDo80zX6rWQE,883
677,kzIx4bPs0,194
678,qg93OAOOmCKt,577
679,SYEBTy0Yu8x,842
680,AmbiwpsyvU,787
681,0tqsiHM2,659
682,bmKhEI,581
683,yhaPB5s,776
684,KvgD0LYB0Tj,594
685,ZBZ8UvAZ,555
686,C6II8h,247
687,H8L8Hq,222
688,Y52ib8fynY,831
689,ud7HEKVtj,465
690,KAsyZZ,498
691,NgllBdd331d,292
692,x8WN2kJ,642
693,pxjYrg,689
694,hn3QBlUOc,276
695,HI66Hjhkm5,986
696,IhiFTmaFf0,528
697,9i46504mhP,723
698,FU2ets,567
699,NfoXRBnUx0IT,879
700,z4R5KmvFH,968
701,G1NQFrl7,135
702,vz5cQg,634
703,66dyhioIrLf,636
704,YqURx8CEZN4o,356
705,Wg0AQNRtDB2W,233
706,hZ38rNZ,397
707,93zJxx,908
708,y2MXM9hGHwVX,291
709,BqBUnidIDn3,765
710,8r6J1cbi,326
711,FgheOTKXT3uQ,775
712,Al2foES,35
713,PL29SJxGIP,140
714,CAQWkSk,46
715,qs0JYm4rBLqS,588
716,PSKJgk,90
717,EuHDIAZGMO,321
718,xgGHBU,729
719,VqfeKPGtH,113
720,L4GmvVk3Q,72
721,kPxcXLzS8bw4,279
722,vBnHRz73V6rz,745
723,k0b4FU,265
724,xHju5nr8,700
725,8YWGgVYQa,909
726,XRClDjqf2,756
727,BEjC81,149
728,LEsN35hrkpMj,785
729,xIRHVqA,106
730,0prEjXsFk,780
731,JjPuhG,50
732,30zCFy2vaPR,94
733,iCCHMzky7C,77
734,9BcStRKv,11
735,CnocgwrA2,971
736,uROpSWTDPjN,847
737,Q5vWWkGeJE,854
738,vOYaYZ,835
739,hQvlWtxp8,553
740,RNHyqWuTtIf,286
741,2rnFFl,652
742,v4sb943SyXUU,717
743,z4CX4RVJZ4,302
744,7xoAJSB5,758
745,38x3rzrs9G,861
746,FlA56LSG4llX,117
747,MieDWbemo1,595
748,QNcJ9BlsHb,124
749,JLsLwS,922
750,L28CR1pQHK6L,150
751,whIncLuXDvgh,691
752,hStZuRttBct3,583
753,ASa2ZcF,673
754,sRtnVfemcGvh,499
755,imMLmyF,202
756,GfS3HbtCo1x,440
757,srPXJVH6,984
758,Vs1S0OD,358
759,e2HUHHu4,596
760,xhfawMC4z,559
761,WWQkdVO79,646
762,c9nyMPr9y,812
763,5IX6jEgisi9K,90
764,P1Ih17hh9V,802
765,xbvkGe,703
766,yp4IgNq,259
767,XFweQtDdq,685
768,IcAwS9c2IN6,110
769,sPT6PtNnc,682
770,SEQw0Sutj2H,279
771,2JabiJCX,507
772,IWpjT6d,301
773,giOGxK,327
774,5sqLjdYG,676
775,JFKOp2YR5p,960
776,QwYjYOnoB,232
777,yjuXc0dBDlPI,32
778,Z8UlcwtwT7Lu,146
779,o5MsbTBaMX3,766
780,aCKWrif,642
781,6isHFkfKW21,862
782,9pFRzw,870
783,mR6D6X,580
784,XPp6n5x1C,243
785,EUpXrn3bqaqW,356
786,H0uWKEIdnLav,638
787,5duGnH6B,234
788,2eEknzOl0v,836
789,mp4xv3U2,28
790,5h2i1DoG,414
791,NcqJ6iaLYk,310
792,ZWerj0TWb0d,140
793,WlLlWAZ,785
794,RVBC1vweW8p,565
795,J9BHr9M,605
796,VUfp4DzqIM,155
797,L0fBBsqv7C,5
798,tDhioedH,407
799,nhzRErxU4NU,121
800,z5kSJYF,88
801,eBRtV3,102
802,AZkzFU0,43
803,wfEB6QhQM,384
804,f6UnFKifLJT,96
805,1TS7EHBcn,580
806,NmPBBYAM5Q,852
807,wcyWkHHXxC,238
808,lyISmeHnsf,720
809,5ZtGlSj,808
810,nhyG5Ggo,99
811,DDAH9q1js,592
812,suqmV2L,880
813,qfyks3,221
814,M9ujXKOxf,34
815,Ib0YXDIi,46
816,qWOdPvGwIXn,749
817,Krq8KSow,877
818,OHEAlwLa4x6v,551
819,1lLFPoSg,687
820,DTdtIo,294
821,RZxSA3y,778
822,Cr5b5E,795
823,IFa6NLB,246
824,fEzuDEmMUar,392
825,Lxmpafy1VLc,593
826,zGjj8XdqW9g0,375
827,oSNdDe,70
828,w3GNXbT195O,934
829,k0awqDdaV,333
830,I7vHQboa70,791
831,Qv9pvebYG,906
832,5znG4tqVq,313
833,VVqrK30S7FM,812
834,XkziYFMEyd,361
835,3bhiTo,623
836,kn6jEVMgsVf,684
837,jGQcvPhZhu,130
838,XcnkV7R0Z8We,611
839,9umudm0D2,765
840,PU61iXNB,911
841,mEIOV08C9xL,464
842,57EZw5Vkgd,344
843,mvTjNpMlSr,253
844,fktFrmW,449
845,XMu2wps98z,537
846,Xl6Hmh4F5,848
847,OxJqamOYh,319
848,qty4FqbJY9,321
849,KQSOzTntnetz,894
850,FafVCLyb,298
851,Ji9ZE10,864
852,TJU5QJ,830
853,xmlmP6rkaOw,537
854,QDktkF,262
855,sh4vKXrnU0M,629
856,vmbCjECcgi8,741
857,qHpoF7n,157
858,pK77dQ,777
859,QYUsyyR,498
860,uSq62P3sAWWD,562
861,Z1HA90dNwCd,755
862,JuqqQCE,897
863,ljzr5x0,267
864,gD7KyP3V,73
865,tBkQS5aZ3FBV,467
866,PWcNNKJto,476
867,r0ux7ovTY,116
868,AGYn7q,974
869,PCHRiaAo,169
870,QCQK0YNNRy,352
871,OTNOeuD,684
872,l1zrdPZE9x7,734
873,R1VVTYPWp,950
874,jvJkArl41X4,375
875,Eyf5QAb4p,131
876,XcLT4Y,554
877,2psVYiOnB7h3,967
878,zmyEp81Mh,72
879,R7DussCJs,996
880,3o5ZGtyS,118
881,guo9rTo0N,857
882,YptE5KLE1wo3,183
883,AfpYyH267,640
884,XznyblX3UlA,839
885,ZKpnE4cad3,258
886,hYxeMX6Ps,57
887,YbE7zUnITr,703
888,lExpAWzA,468
889,mFvFpT2a,344
890,Fv7ZiGCo71o,832
891,dpn0LVMzRm,897
892,wofDaBwb,710
893,xgdsYBQ,856
894,ZBimaAJSg,773
895,S9vpf8,610
896,yClvCy,142
897,Y2MVPbyg,827
898,zkBoZcx,451
899,CUYtcNFnw41,911
900,DdIRrv,210
901,EcoxTdxA,763
902,SPHKGd9wPFI,365
903,MDDIYt2Vy,209
904,YxiVg9GE,112
905,BZhuOz,156
906,0QTlciwQ6Sz7,478
907,YDfu3kPCX5,758
908,DT0ZeoInX6B1,966
909,Lg0r8s,553
910,SjV0GovDB,437
911,XCpECU,123
912,S29OsZ,835
913,qFALGdILXr,266
914,lr3cevuE9ri7,980
915,ImMaXpiL,546
916,GHfcg0mQS,990
917,QxoiQWxu,994
918,PGGKs3LU,186
919,SAB1MeVe,441
920,j8WL9Zf,72
921,sDJbnk3XnDu,319
922,zYQ6Ku,238
923,2WJLAMS3,402
924,JnJRaBWHTS5O,687
925,LqhK5sy3dIrP,181
926,GyfUG5oXsS,896
927,FXWdnK8LTTO,338
928,KIVCcLt,268
929,RbxTOgs2gJ,472
930,lYL1ulQm,642
931,rljluTmc,511
932,RPmW2nXDRWd,895
933,ORejQVFP,949
934,1zqL2JtH6TWd,769
935,RngBpG,506
936,vToZ9tsqnw,573
937,ak6jIF6,215
938,IiGEWMlXyP,632
939,QBhWEmr,975
940,e1WfTb1Pf,490
941,4XtKvofJFA,506
942,TsHm1q9n,182
943,MG2OmFF,340
944,eAWm8xV8,121
945,DKquH9X,133
946,9yds9tzLFU,703
947,m2bXgtEIZR,812
948,FYT7zXH,863
949,QjbzoCnbBTqb,273
950,eGw4x4,389
951,0DHqTBKMde61,534
952,1DiRQx2Kaq2d,835
953,IMTLa7PT9Abi,7
954,LGkeOTocGlrg,8
955,eQbqI4Rbey,680
956,N8BxPhuN6uQu,272
957,17Zo6DB2S,263
958,RAjsLKlwUj,455
959,xW6cqAXtXdgx,126
960,YaFUuGIrZ,254
961,CEx3pP,785
962,eCJUwwusGbb,309
963,ieURajfm5,422
964,xJ4ydkD,131
965,S4EHq0DTUgR,130
966,SIQKaH9dxzU,133
967,naHyAFtQ2uhj,753
968,6dn4ij,270
969,vr32wxXHnLPC,949
970,5exb35T,613
971,K92C99,195
972,oVdkf5,602
973,t1YT1xaVuW,364
974,4BzvTq,238
975,qj7lnH7Vv1vj,128
976,SRBd8v2vwy,514
977,xzYEFiVw7iKS,871
978,7i0w6iv,514
979,J5x9UT,227
980,FkwIqbc,561
981,o8a8XKbGMu,208
982,qud9apATvsYY,727
983,TfUWtr,467
984,RfmiE15m,248
985,vAeoRj2HzEDU,25
986,Gj9vudv0,523
987,lNwkuj0LKp0g,856
988,e9GDQa,430
989,UotXQRk,706
990,d6Kr0Lm,500
991,lCbQZMR9zY,566
992,1zk8h6x6ZySW,723
993,uIPXqZegPWk,33
994,diM0YXfSo,168
995,4ri7pK,839
996,CrK1b3hpy,977
997,KITGekdDfTi,876
998,RrDiAh,405
999,eZyNm3jI,485
1000,nNVM3uW,897
